-- phpMyAdmin SQL Dump
-- version 4.9.0.1
-- https://www.phpmyadmin.net/
--
-- Host: 127.0.0.1
-- Waktu pembuatan: 07 Okt 2023 pada 01.15
-- Versi server: 10.4.6-MariaDB
-- Versi PHP: 7.3.9

SET SQL_MODE = "NO_AUTO_VALUE_ON_ZERO";
SET AUTOCOMMIT = 0;
START TRANSACTION;
SET time_zone = "+00:00";


/*!40101 SET @OLD_CHARACTER_SET_CLIENT=@@CHARACTER_SET_CLIENT */;
/*!40101 SET @OLD_CHARACTER_SET_RESULTS=@@CHARACTER_SET_RESULTS */;
/*!40101 SET @OLD_COLLATION_CONNECTION=@@COLLATION_CONNECTION */;
/*!40101 SET NAMES utf8mb4 */;

--
-- Database: `karyawan_moora`
--

-- --------------------------------------------------------

--
-- Struktur dari tabel `tbl_absensi`
--

CREATE TABLE `tbl_absensi` (
  `id_absensi` int(11) NOT NULL,
  `id_karyawan` int(11) NOT NULL,
  `tgl_absensi` varchar(15) NOT NULL,
  `stat_absensi` int(11) NOT NULL,
  `time` time NOT NULL
) ENGINE=InnoDB DEFAULT CHARSET=latin1;

--
-- Dumping data untuk tabel `tbl_absensi`
--

INSERT INTO `tbl_absensi` (`id_absensi`, `id_karyawan`, `tgl_absensi`, `stat_absensi`, `time`) VALUES
(1, 1, '2023-08-01', 1, '06:54:03'),
(2, 1, '2023-08-02', 2, '07:00:00'),
(3, 1, '2023-08-03', 1, '06:55:10'),
(4, 1, '2023-08-04', 1, '06:49:04'),
(5, 1, '2023-08-05', 1, '06:56:20'),
(6, 1, '2023-08-06', 2, '07:00:00'),
(7, 1, '2023-08-07', 9, '07:10:04'),
(8, 1, '2023-08-08', 1, '06:56:20'),
(9, 1, '2023-08-09', 2, '07:00:00'),
(10, 1, '2023-08-10', 1, '06:55:05'),
(11, 1, '2023-08-11', 1, '06:54:03'),
(12, 1, '2023-08-12', 3, '07:00:00'),
(13, 1, '2023-08-13', 1, '06:55:10'),
(14, 1, '2023-08-14', 1, '06:49:04'),
(15, 1, '2023-08-15', 1, '06:56:20'),
(16, 1, '2023-08-16', 2, '07:00:00'),
(17, 1, '2023-08-17', 9, '07:10:04'),
(18, 1, '2023-08-18', 1, '06:56:20'),
(19, 1, '2023-08-19', 2, '07:00:00'),
(20, 1, '2023-08-20', 1, '06:55:05'),
(21, 1, '2023-08-21', 1, '06:54:03'),
(22, 1, '2023-08-22', 1, '06:56:04'),
(23, 1, '2023-08-23', 1, '06:55:10'),
(24, 1, '2023-08-24', 1, '06:49:04'),
(25, 1, '2023-08-25', 1, '06:56:20'),
(26, 1, '2023-08-26', 1, '06:59:10'),
(27, 2, '2023-08-01', 1, '07:10:04'),
(28, 2, '2023-08-02', 1, '06:54:03'),
(29, 2, '2023-08-03', 1, '07:00:00'),
(30, 2, '2023-08-04', 1, '06:55:10'),
(31, 2, '2023-08-05', 1, '06:49:04'),
(32, 2, '2023-08-06', 1, '06:56:20'),
(33, 2, '2023-08-07', 1, '07:00:00'),
(34, 2, '2023-08-08', 9, '07:10:04'),
(35, 2, '2023-08-09', 1, '06:56:20'),
(36, 2, '2023-08-10', 2, '07:00:00'),
(37, 2, '2023-08-11', 1, '06:55:05'),
(38, 2, '2023-08-12', 1, '06:54:03'),
(39, 2, '2023-08-13', 1, '07:00:00'),
(40, 2, '2023-08-14', 1, '06:55:10'),
(41, 2, '2023-08-15', 1, '06:49:04'),
(42, 2, '2023-08-16', 1, '06:56:20'),
(43, 2, '2023-08-17', 2, '07:00:00'),
(44, 2, '2023-08-18', 9, '07:10:04'),
(45, 2, '2023-08-19', 1, '06:56:20'),
(46, 2, '2023-08-20', 1, '07:00:00'),
(47, 2, '2023-08-21', 1, '06:55:05'),
(48, 2, '2023-08-22', 1, '06:54:03'),
(49, 2, '2023-08-23', 1, '06:56:04'),
(50, 2, '2023-08-24', 1, '06:55:10'),
(51, 2, '2023-08-25', 1, '06:49:04'),
(52, 2, '2023-08-26', 1, '06:56:20'),
(53, 3, '2023-08-01', 1, '06:59:10'),
(54, 3, '2023-08-02', 1, '06:54:03'),
(55, 3, '2023-08-03', 2, '07:00:00'),
(56, 3, '2023-08-04', 1, '06:55:10'),
(57, 3, '2023-08-05', 1, '06:49:04'),
(58, 3, '2023-08-06', 1, '06:56:20'),
(59, 3, '2023-08-07', 1, '07:00:00'),
(60, 3, '2023-08-08', 9, '07:10:04'),
(61, 3, '2023-08-09', 1, '06:56:20'),
(62, 3, '2023-08-10', 2, '07:00:00'),
(63, 3, '2023-08-11', 1, '06:55:05'),
(64, 3, '2023-08-12', 1, '06:54:03'),
(65, 3, '2023-08-13', 3, '07:00:00'),
(66, 3, '2023-08-14', 1, '06:55:10'),
(67, 3, '2023-08-15', 1, '06:49:04'),
(68, 3, '2023-08-16', 1, '06:56:20'),
(69, 3, '2023-08-17', 1, '07:00:00'),
(70, 3, '2023-08-18', 9, '07:10:04'),
(71, 3, '2023-08-19', 1, '06:56:20'),
(72, 3, '2023-08-20', 1, '06:56:04'),
(73, 3, '2023-08-21', 1, '06:55:05'),
(74, 3, '2023-08-22', 1, '06:54:03'),
(75, 3, '2023-08-23', 1, '06:56:04'),
(76, 3, '2023-08-24', 1, '06:55:10'),
(77, 3, '2023-08-25', 1, '06:49:04'),
(78, 3, '2023-08-26', 1, '06:56:20'),
(79, 4, '2023-08-01', 1, '06:59:10'),
(80, 4, '2023-08-02', 1, '06:54:03'),
(81, 4, '2023-08-03', 1, '06:53:06'),
(82, 4, '2023-08-04', 1, '06:55:10'),
(83, 4, '2023-08-05', 1, '06:49:04'),
(84, 4, '2023-08-06', 1, '06:56:20'),
(85, 4, '2023-08-07', 1, '06:54:10'),
(86, 4, '2023-08-08', 9, '07:10:04'),
(87, 4, '2023-08-09', 1, '06:56:20'),
(88, 4, '2023-08-10', 9, '07:00:00'),
(89, 4, '2023-08-11', 1, '06:55:05'),
(90, 4, '2023-08-12', 1, '06:54:03'),
(91, 4, '2023-08-13', 3, '07:00:00'),
(92, 4, '2023-08-14', 1, '06:55:10'),
(93, 4, '2023-08-15', 1, '06:49:04'),
(94, 4, '2023-08-16', 1, '06:56:20'),
(95, 4, '2023-08-17', 2, '07:00:00'),
(96, 4, '2023-08-18', 9, '07:10:04'),
(97, 4, '2023-08-19', 1, '06:56:20'),
(98, 4, '2023-08-20', 1, '06:54:01'),
(99, 4, '2023-08-21', 1, '06:55:05'),
(100, 4, '2023-08-22', 1, '06:54:03'),
(101, 4, '2023-08-23', 1, '06:56:04'),
(102, 4, '2023-08-24', 1, '06:55:10'),
(103, 4, '2023-08-25', 1, '06:49:04'),
(104, 4, '2023-08-26', 1, '06:56:20'),
(105, 5, '2023-08-01', 1, '06:59:10'),
(106, 5, '2023-08-02', 1, '06:54:03'),
(107, 5, '2023-08-03', 2, '07:00:00'),
(108, 5, '2023-08-04', 1, '06:55:10'),
(109, 5, '2023-08-05', 1, '06:49:04'),
(110, 5, '2023-08-06', 1, '06:56:20'),
(111, 5, '2023-08-07', 2, '07:00:00'),
(112, 5, '2023-08-08', 9, '07:10:04'),
(113, 5, '2023-08-09', 1, '06:56:20'),
(114, 5, '2023-08-10', 2, '07:00:00'),
(115, 5, '2023-08-11', 1, '06:55:05'),
(116, 5, '2023-08-12', 1, '06:54:03'),
(117, 5, '2023-08-13', 3, '07:00:00'),
(118, 5, '2023-08-14', 1, '06:55:10'),
(119, 5, '2023-08-15', 1, '06:49:04'),
(120, 5, '2023-08-16', 1, '06:56:20'),
(121, 5, '2023-08-17', 2, '07:00:00'),
(122, 5, '2023-08-18', 9, '07:10:04'),
(123, 5, '2023-08-19', 1, '06:56:20'),
(124, 5, '2023-08-20', 1, '07:00:00'),
(125, 5, '2023-08-21', 9, '07:12:03'),
(126, 5, '2023-08-22', 1, '06:54:03'),
(127, 5, '2023-08-23', 3, '07:00:00'),
(128, 5, '2023-08-24', 1, '06:55:10'),
(129, 5, '2023-08-25', 1, '06:49:04'),
(130, 5, '2023-08-26', 1, '06:56:20'),
(131, 6, '2023-08-01', 1, '06:59:10'),
(132, 6, '2023-08-02', 1, '06:54:03'),
(133, 6, '2023-08-03', 2, '07:00:00'),
(134, 6, '2023-08-04', 1, '06:55:10'),
(135, 6, '2023-08-05', 1, '06:49:04'),
(136, 6, '2023-08-06', 1, '06:56:20'),
(137, 6, '2023-08-07', 2, '07:00:00'),
(138, 6, '2023-08-08', 9, '07:10:04'),
(139, 6, '2023-08-09', 1, '06:56:20'),
(140, 6, '2023-08-10', 2, '07:00:00'),
(141, 6, '2023-08-11', 1, '06:55:05'),
(142, 6, '2023-08-12', 1, '06:54:03'),
(143, 6, '2023-08-13', 3, '07:00:00'),
(144, 6, '2023-08-14', 1, '06:55:10'),
(145, 6, '2023-08-15', 1, '06:49:04'),
(146, 6, '2023-08-16', 1, '06:56:20'),
(147, 6, '2023-08-17', 2, '07:00:00'),
(148, 6, '2023-08-18', 9, '07:10:04'),
(149, 6, '2023-08-19', 1, '06:56:20'),
(150, 6, '2023-08-20', 2, '07:00:00'),
(151, 6, '2023-08-21', 1, '06:55:05'),
(152, 6, '2023-08-22', 1, '06:54:03'),
(153, 6, '2023-08-23', 1, '06:56:04'),
(154, 6, '2023-08-24', 1, '06:55:10'),
(155, 6, '2023-08-25', 1, '06:49:04'),
(156, 6, '2023-08-26', 1, '06:56:20'),
(157, 7, '2023-08-01', 1, '06:59:10'),
(158, 7, '2023-08-02', 9, '07:10:04'),
(159, 7, '2023-08-03', 1, '06:54:03'),
(160, 7, '2023-08-04', 2, '07:00:00'),
(161, 7, '2023-08-05', 1, '06:55:10'),
(162, 7, '2023-08-06', 1, '06:49:04'),
(163, 7, '2023-08-07', 1, '06:56:20'),
(164, 7, '2023-08-08', 2, '07:00:00'),
(165, 7, '2023-08-09', 9, '07:10:04'),
(166, 7, '2023-08-10', 1, '06:56:20'),
(167, 7, '2023-08-11', 2, '07:00:00'),
(168, 7, '2023-08-12', 1, '06:55:05'),
(169, 7, '2023-08-13', 1, '06:54:03'),
(170, 7, '2023-08-14', 3, '07:00:00'),
(171, 7, '2023-08-15', 1, '06:55:10'),
(172, 7, '2023-08-16', 1, '06:49:04'),
(173, 7, '2023-08-17', 1, '06:56:20'),
(174, 7, '2023-08-18', 2, '07:00:00'),
(175, 7, '2023-08-19', 9, '07:10:04'),
(176, 7, '2023-08-20', 1, '06:56:20'),
(177, 7, '2023-08-21', 2, '07:00:00'),
(178, 7, '2023-08-22', 1, '06:55:05'),
(179, 7, '2023-08-23', 1, '06:54:03'),
(180, 7, '2023-08-24', 1, '06:56:04'),
(181, 7, '2023-08-25', 1, '06:55:10'),
(182, 7, '2023-08-26', 1, '06:49:04'),
(183, 8, '2023-08-01', 1, '06:56:20'),
(184, 8, '2023-08-02', 1, '06:59:10'),
(185, 8, '2023-08-03', 1, '06:54:03'),
(186, 8, '2023-08-04', 2, '07:00:00'),
(187, 8, '2023-08-05', 1, '06:55:10'),
(188, 8, '2023-08-06', 1, '06:54:03'),
(189, 8, '2023-08-07', 2, '07:00:00'),
(190, 8, '2023-08-08', 1, '06:55:10'),
(191, 8, '2023-08-09', 1, '06:49:04'),
(192, 8, '2023-08-10', 1, '06:56:20'),
(193, 8, '2023-08-11', 2, '07:00:00'),
(194, 8, '2023-08-12', 9, '07:10:04'),
(195, 8, '2023-08-13', 1, '06:56:20'),
(196, 8, '2023-08-14', 2, '07:00:00'),
(197, 8, '2023-08-15', 1, '06:55:05'),
(198, 8, '2023-08-16', 1, '06:54:03'),
(199, 8, '2023-08-17', 3, '07:00:00'),
(200, 8, '2023-08-18', 1, '06:55:10'),
(201, 8, '2023-08-19', 2, '06:49:04'),
(202, 8, '2023-08-20', 1, '06:56:20'),
(203, 8, '2023-08-21', 2, '07:00:00'),
(204, 8, '2023-08-22', 9, '07:10:04'),
(205, 8, '2023-08-23', 1, '06:56:20'),
(206, 8, '2023-08-24', 2, '07:00:00'),
(207, 8, '2023-08-25', 1, '06:55:05'),
(208, 8, '2023-08-26', 1, '06:54:03'),
(209, 9, '2023-08-01', 1, '06:56:04'),
(210, 9, '2023-08-02', 1, '06:55:10'),
(211, 9, '2023-08-03', 1, '06:49:04'),
(212, 9, '2023-08-04', 1, '06:56:20'),
(213, 9, '2023-08-05', 1, '06:59:10'),
(214, 9, '2023-08-06', 9, '07:10:04'),
(215, 9, '2023-08-07', 1, '06:54:03'),
(216, 9, '2023-08-08', 2, '07:00:00'),
(217, 9, '2023-08-09', 1, '06:55:10'),
(218, 9, '2023-08-10', 1, '06:49:04'),
(219, 9, '2023-08-11', 1, '06:56:20'),
(220, 9, '2023-08-12', 2, '07:00:00'),
(221, 9, '2023-08-13', 9, '07:10:04'),
(222, 9, '2023-08-14', 1, '06:56:20'),
(223, 9, '2023-08-15', 2, '07:00:00'),
(224, 9, '2023-08-16', 1, '06:55:05'),
(225, 9, '2023-08-17', 1, '06:54:03'),
(226, 9, '2023-08-18', 3, '07:00:00'),
(227, 9, '2023-08-19', 1, '06:55:10'),
(228, 9, '2023-08-20', 1, '06:49:04'),
(229, 9, '2023-08-21', 1, '06:56:20'),
(230, 9, '2023-08-22', 1, '01:10:00'),
(231, 9, '2023-08-23', 9, '07:10:04'),
(232, 9, '2023-08-24', 1, '06:56:20'),
(233, 9, '2023-08-25', 1, '06:54:10'),
(234, 9, '2023-08-26', 1, '06:55:05'),
(235, 10, '2023-08-01', 1, '06:54:03'),
(236, 10, '2023-08-02', 1, '06:56:04'),
(237, 10, '2023-08-03', 1, '06:55:10'),
(238, 10, '2023-08-04', 1, '06:49:04'),
(239, 10, '2023-08-05', 1, '06:56:20'),
(240, 10, '2023-08-06', 1, '06:59:10'),
(241, 10, '2023-08-07', 1, '06:54:03'),
(242, 10, '2023-08-08', 2, '07:00:00'),
(243, 10, '2023-08-09', 1, '06:55:10'),
(244, 10, '2023-08-10', 1, '06:54:03'),
(245, 10, '2023-08-11', 2, '07:00:00'),
(246, 10, '2023-08-12', 2, '07:00:00'),
(247, 10, '2023-08-13', 1, '06:49:04'),
(248, 10, '2023-08-14', 1, '06:56:20'),
(249, 10, '2023-08-15', 2, '07:00:00'),
(250, 10, '2023-08-16', 9, '07:10:04'),
(251, 10, '2023-08-17', 1, '06:56:20'),
(252, 10, '2023-08-18', 2, '07:00:00'),
(253, 10, '2023-08-19', 1, '06:55:05'),
(254, 10, '2023-08-20', 1, '06:54:03'),
(255, 10, '2023-08-21', 3, '07:00:00'),
(256, 10, '2023-08-22', 1, '06:55:10'),
(257, 10, '2023-08-23', 1, '06:49:04'),
(258, 10, '2023-08-24', 1, '06:56:20'),
(259, 10, '2023-08-25', 2, '07:00:00'),
(260, 10, '2023-08-26', 9, '07:10:04'),
(261, 11, '2023-08-01', 1, '06:56:20'),
(262, 11, '2023-08-02', 2, '07:00:00'),
(263, 11, '2023-08-03', 1, '06:55:05'),
(264, 11, '2023-08-04', 1, '06:54:03'),
(265, 11, '2023-08-05', 1, '06:56:04'),
(266, 11, '2023-08-06', 1, '06:55:10'),
(267, 11, '2023-08-07', 1, '06:49:04'),
(268, 11, '2023-08-08', 9, '07:26:20'),
(269, 11, '2023-08-09', 1, '06:59:10'),
(270, 11, '2023-08-10', 9, '07:10:04'),
(271, 11, '2023-08-11', 9, '07:24:03'),
(272, 11, '2023-08-12', 2, '07:00:00'),
(273, 11, '2023-08-13', 1, '06:55:10'),
(274, 11, '2023-08-14', 9, '06:49:04'),
(275, 11, '2023-08-15', 1, '06:56:20'),
(276, 11, '2023-08-16', 2, '07:00:00'),
(277, 11, '2023-08-17', 9, '07:10:04'),
(278, 11, '2023-08-18', 1, '06:56:20'),
(279, 11, '2023-08-19', 1, '06:52:10'),
(280, 11, '2023-08-20', 1, '06:55:05'),
(281, 11, '2023-08-21', 1, '06:54:03'),
(282, 11, '2023-08-22', 3, '07:00:00'),
(283, 11, '2023-08-23', 1, '06:55:10'),
(284, 11, '2023-08-24', 1, '06:49:04'),
(285, 11, '2023-08-25', 1, '06:56:20'),
(286, 11, '2023-08-26', 1, '06:53:10'),
(287, 12, '2023-08-01', 9, '07:10:04'),
(288, 12, '2023-08-02', 1, '06:56:20'),
(289, 12, '2023-08-03', 2, '07:00:00'),
(290, 12, '2023-08-04', 1, '06:55:05'),
(291, 12, '2023-08-05', 1, '06:54:03'),
(292, 12, '2023-08-06', 1, '06:56:04'),
(293, 12, '2023-08-07', 1, '06:55:10'),
(294, 12, '2023-08-08', 1, '06:49:04'),
(295, 12, '2023-08-09', 1, '06:56:20'),
(296, 12, '2023-08-10', 1, '06:59:10'),
(297, 12, '2023-08-11', 1, '06:54:03'),
(298, 12, '2023-08-12', 2, '07:00:00'),
(299, 12, '2023-08-13', 1, '06:55:10'),
(300, 12, '2023-08-14', 3, '06:49:04'),
(301, 12, '2023-08-15', 1, '06:56:20'),
(302, 12, '2023-08-16', 2, '07:00:00'),
(303, 12, '2023-08-17', 9, '07:10:04'),
(304, 12, '2023-08-18', 1, '06:56:20'),
(305, 12, '2023-08-19', 2, '07:00:00'),
(306, 12, '2023-08-20', 1, '06:55:05'),
(307, 12, '2023-08-21', 1, '06:54:03'),
(308, 12, '2023-08-22', 3, '07:00:00'),
(309, 12, '2023-08-23', 1, '06:55:10'),
(310, 12, '2023-08-24', 1, '06:49:04'),
(311, 12, '2023-08-25', 1, '06:56:20'),
(312, 12, '2023-08-26', 2, '07:00:00'),
(313, 13, '2023-08-01', 9, '07:10:04'),
(314, 13, '2023-08-02', 1, '06:56:20'),
(315, 13, '2023-08-03', 2, '07:00:00'),
(316, 13, '2023-08-04', 1, '06:55:05'),
(317, 13, '2023-08-05', 1, '06:54:03'),
(318, 13, '2023-08-06', 1, '06:56:04'),
(319, 13, '2023-08-07', 1, '06:55:10'),
(320, 13, '2023-08-08', 1, '06:49:04'),
(321, 13, '2023-08-09', 1, '06:56:20'),
(322, 13, '2023-08-10', 1, '06:59:10'),
(323, 13, '2023-08-11', 1, '06:54:03'),
(324, 13, '2023-08-12', 2, '07:00:00'),
(325, 13, '2023-08-13', 1, '06:55:10'),
(326, 13, '2023-08-14', 1, '06:49:04'),
(327, 13, '2023-08-15', 1, '06:56:20'),
(328, 13, '2023-08-16', 2, '07:00:00'),
(329, 13, '2023-08-17', 9, '07:10:04'),
(330, 13, '2023-08-18', 1, '06:56:20'),
(331, 13, '2023-08-19', 2, '07:00:00'),
(332, 13, '2023-08-20', 1, '06:55:05'),
(333, 13, '2023-08-21', 1, '06:54:03'),
(334, 13, '2023-08-22', 3, '07:00:00'),
(335, 13, '2023-08-23', 1, '06:55:10'),
(336, 13, '2023-08-24', 1, '06:49:04'),
(337, 13, '2023-08-25', 1, '06:56:20'),
(338, 13, '2023-08-26', 2, '07:00:00'),
(339, 14, '2023-08-01', 9, '07:10:04'),
(340, 14, '2023-08-02', 1, '06:56:20'),
(341, 14, '2023-08-03', 2, '07:00:00'),
(342, 14, '2023-08-04', 1, '06:55:05'),
(343, 14, '2023-08-05', 1, '06:54:03'),
(344, 14, '2023-08-06', 1, '06:56:04'),
(345, 14, '2023-08-07', 1, '06:55:10'),
(346, 14, '2023-08-08', 1, '06:49:04'),
(347, 14, '2023-08-09', 1, '06:56:20'),
(348, 14, '2023-08-10', 1, '06:59:10'),
(349, 14, '2023-08-11', 1, '06:54:03'),
(350, 14, '2023-08-12', 2, '07:00:00'),
(351, 14, '2023-08-13', 1, '06:55:10'),
(352, 14, '2023-08-14', 1, '06:49:04'),
(353, 14, '2023-08-15', 1, '06:56:20'),
(354, 14, '2023-08-16', 2, '07:00:00'),
(355, 14, '2023-08-17', 9, '07:10:04'),
(356, 14, '2023-08-18', 1, '06:56:20'),
(357, 14, '2023-08-19', 2, '07:00:00'),
(358, 14, '2023-08-20', 9, '07:20:05'),
(359, 14, '2023-08-21', 9, '07:10:03'),
(360, 14, '2023-08-22', 3, '07:00:00'),
(361, 14, '2023-08-23', 1, '06:55:10'),
(362, 14, '2023-08-24', 1, '06:49:04'),
(363, 14, '2023-08-25', 1, '06:56:20'),
(364, 14, '2023-08-26', 2, '07:00:00'),
(365, 15, '2023-08-01', 9, '07:10:04'),
(366, 15, '2023-08-02', 1, '06:56:20'),
(367, 15, '2023-08-03', 2, '07:00:00'),
(368, 15, '2023-08-04', 1, '06:55:05'),
(369, 15, '2023-08-05', 1, '06:54:03'),
(370, 15, '2023-08-06', 1, '06:56:04'),
(371, 15, '2023-08-07', 1, '06:55:10'),
(372, 15, '2023-08-08', 1, '06:49:04'),
(373, 15, '2023-08-09', 1, '06:56:20'),
(374, 15, '2023-08-10', 1, '06:59:10'),
(375, 15, '2023-08-11', 1, '06:54:03'),
(376, 15, '2023-08-12', 2, '07:00:00'),
(377, 15, '2023-08-13', 1, '06:55:10'),
(378, 15, '2023-08-14', 1, '06:49:04'),
(379, 15, '2023-08-15', 1, '06:56:20'),
(380, 15, '2023-08-16', 2, '07:00:00'),
(381, 15, '2023-08-17', 9, '07:10:04'),
(382, 15, '2023-08-18', 1, '06:56:20'),
(383, 15, '2023-08-19', 2, '07:00:00'),
(384, 15, '2023-08-20', 1, '06:55:05'),
(385, 15, '2023-08-21', 1, '06:54:03'),
(386, 15, '2023-08-22', 3, '07:00:00'),
(387, 15, '2023-08-23', 1, '06:55:10'),
(388, 15, '2023-08-24', 1, '06:49:04'),
(389, 15, '2023-08-25', 1, '06:56:20'),
(390, 15, '2023-08-26', 2, '07:00:00'),
(391, 16, '2023-08-01', 9, '07:10:04'),
(392, 16, '2023-08-02', 1, '06:56:20'),
(393, 16, '2023-08-03', 2, '07:00:00'),
(394, 16, '2023-08-04', 1, '06:55:05'),
(395, 16, '2023-08-05', 1, '06:54:03'),
(396, 16, '2023-08-06', 1, '06:56:04'),
(397, 16, '2023-08-07', 1, '06:55:10'),
(398, 16, '2023-08-08', 1, '06:49:04'),
(399, 16, '2023-08-09', 1, '06:56:20'),
(400, 16, '2023-08-10', 1, '06:59:10'),
(401, 16, '2023-08-11', 9, '07:10:04'),
(402, 16, '2023-08-12', 1, '06:54:03'),
(403, 16, '2023-08-13', 2, '07:00:00'),
(404, 16, '2023-08-14', 1, '06:55:10'),
(405, 16, '2023-08-15', 9, '07:20:04'),
(406, 16, '2023-08-16', 1, '06:56:20'),
(407, 16, '2023-08-17', 2, '07:00:00'),
(408, 16, '2023-08-18', 9, '07:10:04'),
(409, 16, '2023-08-19', 1, '06:56:20'),
(410, 16, '2023-08-20', 2, '07:00:00'),
(411, 16, '2023-08-21', 1, '06:55:05'),
(412, 16, '2023-08-22', 1, '06:54:03'),
(413, 16, '2023-08-23', 3, '07:00:00'),
(414, 16, '2023-08-24', 1, '06:55:10'),
(415, 16, '2023-08-25', 1, '06:49:04'),
(416, 16, '2023-08-26', 1, '06:56:20'),
(417, 17, '2023-08-01', 2, '07:00:00'),
(418, 17, '2023-08-02', 9, '07:10:04'),
(419, 17, '2023-08-03', 1, '06:56:20'),
(420, 17, '2023-08-04', 2, '07:00:00'),
(421, 17, '2023-08-05', 1, '06:55:05'),
(422, 17, '2023-08-06', 1, '06:54:03'),
(423, 17, '2023-08-07', 1, '06:56:04'),
(424, 17, '2023-08-08', 1, '06:55:10'),
(425, 17, '2023-08-09', 1, '06:49:04'),
(426, 17, '2023-08-10', 1, '06:56:20'),
(427, 17, '2023-08-11', 1, '06:59:10'),
(428, 17, '2023-08-12', 1, '06:54:03'),
(429, 17, '2023-08-13', 2, '07:00:00'),
(430, 17, '2023-08-14', 9, '07:55:10'),
(431, 17, '2023-08-15', 1, '06:54:03'),
(432, 17, '2023-08-16', 2, '07:00:00'),
(433, 17, '2023-08-17', 9, '07:25:10'),
(434, 17, '2023-08-18', 1, '06:49:04'),
(435, 17, '2023-08-19', 9, '07:26:20'),
(436, 17, '2023-08-20', 3, '07:00:00'),
(437, 17, '2023-08-21', 9, '07:10:04'),
(438, 17, '2023-08-22', 1, '06:56:20'),
(439, 17, '2023-08-23', 2, '07:00:00'),
(440, 17, '2023-08-24', 1, '06:55:05'),
(441, 17, '2023-08-25', 1, '06:54:03'),
(442, 17, '2023-08-26', 3, '07:00:00'),
(443, 18, '2023-08-01', 1, '06:55:10'),
(444, 18, '2023-08-02', 1, '06:49:04'),
(445, 18, '2023-08-03', 1, '06:56:20'),
(446, 18, '2023-08-04', 2, '07:00:00'),
(447, 18, '2023-08-05', 9, '07:10:04'),
(448, 18, '2023-08-06', 1, '06:56:20'),
(449, 18, '2023-08-07', 2, '07:00:00'),
(450, 18, '2023-08-08', 1, '06:55:05'),
(451, 18, '2023-08-09', 1, '06:54:03'),
(452, 18, '2023-08-10', 1, '06:56:04'),
(453, 18, '2023-08-11', 1, '06:55:10'),
(454, 18, '2023-08-12', 1, '06:49:04'),
(455, 18, '2023-08-13', 1, '06:56:20'),
(456, 18, '2023-08-14', 1, '06:59:10'),
(457, 18, '2023-08-15', 9, '07:10:04'),
(458, 18, '2023-08-16', 1, '06:54:03'),
(459, 18, '2023-08-17', 2, '07:00:00'),
(460, 18, '2023-08-18', 1, '06:55:10'),
(461, 18, '2023-08-19', 1, '06:49:04'),
(462, 18, '2023-08-20', 1, '06:56:20'),
(463, 18, '2023-08-21', 2, '07:00:00'),
(464, 18, '2023-08-22', 9, '07:10:04'),
(465, 18, '2023-08-23', 1, '06:56:20'),
(466, 18, '2023-08-24', 2, '07:00:00'),
(467, 18, '2023-08-25', 1, '06:55:05'),
(468, 18, '2023-08-26', 1, '06:54:03'),
(469, 19, '2023-08-01', 3, '07:00:00'),
(470, 19, '2023-08-02', 1, '06:55:10'),
(471, 19, '2023-08-03', 1, '06:49:04'),
(472, 19, '2023-08-04', 1, '06:56:20'),
(473, 19, '2023-08-05', 2, '07:00:00'),
(474, 19, '2023-08-06', 9, '07:10:04'),
(475, 19, '2023-08-07', 1, '06:56:20'),
(476, 19, '2023-08-08', 2, '07:00:00'),
(477, 19, '2023-08-09', 1, '06:55:05'),
(478, 19, '2023-08-10', 1, '06:54:03'),
(479, 19, '2023-08-11', 1, '06:56:04'),
(480, 19, '2023-08-12', 1, '06:55:10'),
(481, 19, '2023-08-13', 1, '06:49:04'),
(482, 19, '2023-08-14', 1, '06:56:20'),
(483, 19, '2023-08-15', 1, '06:59:10'),
(484, 19, '2023-08-16', 1, '06:54:03'),
(485, 19, '2023-08-17', 2, '07:00:00'),
(486, 19, '2023-08-18', 1, '06:55:10'),
(487, 19, '2023-08-19', 1, '06:54:03'),
(488, 19, '2023-08-20', 2, '07:00:00'),
(489, 19, '2023-08-21', 1, '06:55:10'),
(490, 19, '2023-08-22', 1, '06:49:04'),
(491, 19, '2023-08-23', 1, '06:56:20'),
(492, 19, '2023-08-24', 2, '07:00:00'),
(493, 19, '2023-08-25', 9, '07:10:04'),
(494, 19, '2023-08-26', 1, '06:56:20'),
(495, 20, '2023-08-01', 2, '07:00:00'),
(496, 20, '2023-08-02', 1, '06:55:05'),
(497, 20, '2023-08-03', 1, '06:54:03'),
(498, 20, '2023-08-04', 3, '07:00:00'),
(499, 20, '2023-08-05', 1, '06:55:10'),
(500, 20, '2023-08-06', 1, '06:49:04'),
(501, 20, '2023-08-07', 1, '06:56:20'),
(502, 20, '2023-08-08', 2, '07:00:00'),
(503, 20, '2023-08-09', 9, '07:10:04'),
(504, 20, '2023-08-10', 1, '06:56:20'),
(505, 20, '2023-08-11', 2, '07:00:00'),
(506, 20, '2023-08-12', 1, '06:55:05'),
(507, 20, '2023-08-13', 1, '06:54:03'),
(508, 20, '2023-08-14', 1, '06:56:04'),
(509, 20, '2023-08-15', 1, '06:55:10'),
(510, 20, '2023-08-16', 1, '06:49:04'),
(511, 20, '2023-08-17', 1, '06:56:20'),
(512, 20, '2023-08-18', 1, '06:59:10'),
(513, 20, '2023-08-19', 9, '07:10:04'),
(514, 20, '2023-08-20', 1, '06:54:03'),
(515, 20, '2023-08-21', 2, '07:00:00'),
(516, 20, '2023-08-22', 1, '06:55:10'),
(517, 20, '2023-08-23', 1, '06:49:04'),
(518, 20, '2023-08-24', 1, '06:56:20'),
(519, 20, '2023-08-25', 2, '07:00:00'),
(520, 20, '2023-08-26', 9, '07:10:04'),
(521, 21, '2023-08-01', 1, '06:56:20'),
(522, 21, '2023-08-02', 1, '06:55:03'),
(523, 21, '2023-08-03', 1, '06:55:05'),
(524, 21, '2023-08-04', 1, '06:54:03'),
(525, 21, '2023-08-05', 2, '07:00:00'),
(526, 21, '2023-08-06', 1, '06:55:10'),
(527, 21, '2023-08-07', 1, '06:49:04'),
(528, 21, '2023-08-08', 1, '06:56:20'),
(529, 21, '2023-08-09', 2, '07:00:00'),
(530, 21, '2023-08-10', 9, '07:10:04'),
(531, 21, '2023-08-11', 1, '06:56:20'),
(532, 21, '2023-08-12', 1, '06:40:00'),
(533, 21, '2023-08-13', 1, '06:55:05'),
(534, 21, '2023-08-14', 1, '06:54:03'),
(535, 21, '2023-08-15', 1, '06:56:04'),
(536, 21, '2023-08-16', 1, '06:55:10'),
(537, 21, '2023-08-17', 1, '06:49:04'),
(538, 21, '2023-08-18', 1, '06:56:20'),
(539, 21, '2023-08-19', 1, '06:59:10'),
(540, 21, '2023-08-20', 1, '06:54:03'),
(541, 21, '2023-08-21', 1, '06:50:00'),
(542, 21, '2023-08-22', 1, '06:55:10'),
(543, 21, '2023-08-23', 1, '06:49:04'),
(544, 21, '2023-08-24', 1, '06:56:20'),
(545, 21, '2023-08-25', 1, '07:00:00'),
(546, 21, '2023-08-26', 9, '07:10:04'),
(547, 22, '2023-08-01', 1, '06:56:20'),
(548, 22, '2023-08-02', 1, '06:50:00'),
(549, 22, '2023-08-03', 1, '06:55:05'),
(550, 22, '2023-08-04', 1, '06:54:03'),
(551, 22, '2023-08-05', 2, '06:50:20'),
(552, 22, '2023-08-06', 1, '06:55:10'),
(553, 22, '2023-08-07', 1, '06:49:04'),
(554, 22, '2023-08-08', 1, '06:56:20'),
(555, 22, '2023-08-09', 1, '07:00:00'),
(556, 22, '2023-08-10', 9, '07:10:04'),
(557, 22, '2023-08-11', 1, '06:56:20'),
(558, 22, '2023-08-12', 2, '07:00:00'),
(559, 22, '2023-08-13', 1, '06:55:05'),
(560, 22, '2023-08-14', 1, '06:54:03'),
(561, 22, '2023-08-15', 1, '06:56:04'),
(562, 22, '2023-08-16', 1, '06:55:10'),
(563, 22, '2023-08-17', 1, '06:49:04'),
(564, 22, '2023-08-18', 1, '06:56:20'),
(565, 22, '2023-08-19', 1, '06:59:10'),
(566, 22, '2023-08-20', 1, '06:54:03'),
(567, 22, '2023-08-21', 1, '07:00:00'),
(568, 22, '2023-08-22', 1, '06:55:10'),
(569, 22, '2023-08-23', 1, '06:49:04'),
(570, 22, '2023-08-24', 1, '06:56:20'),
(571, 22, '2023-08-25', 2, '07:00:00'),
(572, 22, '2023-08-26', 9, '07:10:04'),
(573, 23, '2023-08-01', 1, '06:56:20'),
(574, 23, '2023-08-02', 2, '07:00:00'),
(575, 23, '2023-08-03', 1, '06:55:05'),
(576, 23, '2023-08-04', 1, '06:54:03'),
(577, 23, '2023-08-05', 3, '07:00:00'),
(578, 23, '2023-08-06', 9, '07:25:10'),
(579, 23, '2023-08-07', 1, '06:49:04'),
(580, 23, '2023-08-08', 9, '07:26:20'),
(581, 23, '2023-08-09', 1, '06:40:00'),
(582, 23, '2023-08-10', 9, '07:10:04'),
(583, 23, '2023-08-11', 1, '06:56:20'),
(584, 23, '2023-08-12', 2, '07:00:00'),
(585, 23, '2023-08-13', 1, '06:55:05'),
(586, 23, '2023-08-14', 1, '06:54:03'),
(587, 23, '2023-08-15', 1, '06:56:04'),
(588, 23, '2023-08-16', 9, '07:25:10'),
(589, 23, '2023-08-17', 1, '06:49:04'),
(590, 23, '2023-08-18', 1, '06:56:20'),
(591, 23, '2023-08-19', 1, '06:59:10'),
(592, 23, '2023-08-20', 1, '06:54:03'),
(593, 23, '2023-08-21', 2, '07:00:00'),
(594, 23, '2023-08-22', 1, '06:55:10'),
(595, 23, '2023-08-23', 1, '06:49:04'),
(596, 23, '2023-08-24', 1, '06:56:20'),
(597, 23, '2023-08-25', 1, '06:50:00'),
(598, 23, '2023-08-26', 9, '07:10:04'),
(599, 24, '2023-08-01', 1, '06:56:20'),
(600, 24, '2023-08-02', 1, '06:50:00'),
(601, 24, '2023-08-03', 1, '06:55:05'),
(602, 24, '2023-08-04', 9, '07:24:03'),
(603, 24, '2023-08-05', 9, '07:25:00'),
(604, 24, '2023-08-06', 1, '06:55:10'),
(605, 24, '2023-08-07', 1, '06:49:04'),
(606, 24, '2023-08-08', 1, '06:56:20'),
(607, 24, '2023-08-09', 1, '06:55:10'),
(608, 24, '2023-08-10', 9, '07:10:04'),
(609, 24, '2023-08-11', 1, '06:56:20'),
(610, 24, '2023-08-12', 1, '06:40:00'),
(611, 24, '2023-08-13', 1, '06:55:05'),
(612, 24, '2023-08-14', 1, '06:54:03'),
(613, 24, '2023-08-15', 1, '06:56:04'),
(614, 24, '2023-08-16', 9, '07:55:10'),
(615, 24, '2023-08-17', 1, '06:49:04'),
(616, 24, '2023-08-18', 1, '06:56:20'),
(617, 24, '2023-08-19', 1, '06:59:10'),
(618, 24, '2023-08-20', 1, '06:54:03'),
(619, 24, '2023-08-21', 3, '07:00:00'),
(620, 24, '2023-08-22', 1, '06:55:10'),
(621, 24, '2023-08-23', 1, '06:49:04'),
(622, 24, '2023-08-24', 1, '06:56:20'),
(623, 24, '2023-08-25', 2, '07:00:00'),
(624, 24, '2023-08-26', 9, '07:10:04'),
(625, 25, '2023-08-01', 1, '06:56:20'),
(626, 25, '2023-08-02', 1, '07:00:00'),
(627, 25, '2023-08-03', 1, '06:55:05'),
(628, 25, '2023-08-04', 3, '06:54:03'),
(629, 25, '2023-08-05', 3, '07:00:00'),
(630, 25, '2023-08-06', 3, '06:55:10'),
(631, 25, '2023-08-07', 1, '06:49:04'),
(632, 25, '2023-08-08', 1, '06:56:20'),
(633, 25, '2023-08-09', 1, '07:00:00'),
(634, 25, '2023-08-10', 9, '07:10:04'),
(635, 25, '2023-08-11', 1, '06:56:20'),
(636, 25, '2023-08-12', 3, '06:50:00'),
(637, 25, '2023-08-13', 3, '06:55:05'),
(638, 25, '2023-08-14', 2, '06:54:03'),
(639, 25, '2023-08-15', 1, '06:56:04'),
(640, 25, '2023-08-16', 2, '06:55:10'),
(641, 25, '2023-08-17', 3, '06:49:04'),
(642, 25, '2023-08-18', 3, '06:56:20'),
(643, 25, '2023-08-19', 1, '06:59:10'),
(644, 25, '2023-08-20', 9, '07:10:04'),
(645, 25, '2023-08-21', 1, '06:54:03'),
(646, 25, '2023-08-22', 2, '07:00:00'),
(647, 25, '2023-08-23', 1, '06:55:10'),
(648, 25, '2023-08-24', 1, '06:49:04'),
(649, 25, '2023-08-25', 1, '06:56:20'),
(650, 25, '2023-08-26', 1, '06:40:00'),
(651, 26, '2023-08-01', 9, '07:10:04'),
(652, 26, '2023-08-02', 1, '06:56:20'),
(653, 26, '2023-08-03', 2, '07:00:00'),
(654, 26, '2023-08-04', 1, '06:55:05'),
(655, 26, '2023-08-05', 1, '06:54:03'),
(656, 26, '2023-08-06', 3, '07:00:00'),
(657, 26, '2023-08-07', 1, '06:55:10'),
(658, 26, '2023-08-08', 1, '06:49:04'),
(659, 26, '2023-08-09', 1, '06:56:20'),
(660, 26, '2023-08-10', 2, '07:00:00'),
(661, 26, '2023-08-11', 9, '07:10:04'),
(662, 26, '2023-08-12', 1, '06:56:20'),
(663, 26, '2023-08-13', 9, '07:10:00'),
(664, 26, '2023-08-14', 1, '06:55:05'),
(665, 26, '2023-08-15', 1, '06:54:03'),
(666, 26, '2023-08-16', 1, '06:56:04'),
(667, 26, '2023-08-17', 1, '06:55:10'),
(668, 26, '2023-08-18', 1, '06:49:04'),
(669, 26, '2023-08-19', 1, '06:56:20'),
(670, 26, '2023-08-20', 1, '06:59:10'),
(671, 26, '2023-08-21', 1, '06:54:03'),
(672, 26, '2023-08-22', 9, '07:20:00'),
(673, 26, '2023-08-23', 1, '06:55:10'),
(674, 26, '2023-08-24', 1, '06:54:03'),
(675, 26, '2023-08-25', 1, '07:00:00'),
(676, 26, '2023-08-26', 1, '06:55:10'),
(677, 27, '2023-08-01', 1, '06:49:04'),
(678, 27, '2023-08-02', 1, '06:56:20'),
(679, 27, '2023-08-03', 2, '07:00:00'),
(680, 27, '2023-08-04', 9, '07:10:04'),
(681, 27, '2023-08-05', 1, '06:56:20'),
(682, 27, '2023-08-06', 2, '07:00:00'),
(683, 27, '2023-08-07', 1, '06:55:05'),
(684, 27, '2023-08-08', 1, '06:54:03'),
(685, 27, '2023-08-09', 3, '07:00:00'),
(686, 27, '2023-08-10', 1, '06:55:10'),
(687, 27, '2023-08-11', 9, '07:19:04'),
(688, 27, '2023-08-12', 1, '06:56:20'),
(689, 27, '2023-08-13', 2, '07:00:00'),
(690, 27, '2023-08-14', 9, '07:10:04'),
(691, 27, '2023-08-15', 1, '06:56:20'),
(692, 27, '2023-08-16', 2, '07:00:00'),
(693, 27, '2023-08-17', 9, '07:20:05'),
(694, 27, '2023-08-18', 2, '06:54:03'),
(695, 27, '2023-08-19', 1, '06:56:04'),
(696, 27, '2023-08-20', 3, '06:55:10'),
(697, 27, '2023-08-21', 1, '06:49:04'),
(698, 27, '2023-08-22', 2, '06:56:20'),
(699, 27, '2023-08-23', 1, '06:59:10'),
(700, 27, '2023-08-24', 9, '07:10:04'),
(701, 27, '2023-08-25', 1, '06:54:03'),
(702, 27, '2023-08-26', 9, '07:00:00'),
(703, 28, '2023-08-01', 1, '06:55:10'),
(704, 28, '2023-08-02', 1, '06:49:04'),
(705, 28, '2023-08-03', 1, '06:56:20'),
(706, 28, '2023-08-04', 2, '07:00:00'),
(707, 28, '2023-08-05', 9, '07:10:04'),
(708, 28, '2023-08-06', 1, '06:56:20'),
(709, 28, '2023-08-07', 1, '06:50:00'),
(710, 28, '2023-08-08', 1, '06:55:05'),
(711, 28, '2023-08-09', 1, '06:54:03'),
(712, 28, '2023-08-10', 1, '06:50:00'),
(713, 28, '2023-08-11', 1, '06:55:10'),
(714, 28, '2023-08-12', 1, '06:49:04'),
(715, 28, '2023-08-13', 1, '06:56:20'),
(716, 28, '2023-08-14', 2, '07:00:00'),
(717, 28, '2023-08-15', 9, '07:10:04'),
(718, 28, '2023-08-16', 1, '06:56:20'),
(719, 28, '2023-08-17', 1, '07:00:00'),
(720, 28, '2023-08-18', 1, '06:55:05'),
(721, 28, '2023-08-19', 1, '06:54:03'),
(722, 28, '2023-08-20', 9, '07:20:04'),
(723, 28, '2023-08-21', 1, '06:55:10'),
(724, 28, '2023-08-22', 1, '06:49:04'),
(725, 28, '2023-08-23', 1, '06:56:20'),
(726, 28, '2023-08-24', 1, '06:59:10'),
(727, 28, '2023-08-25', 1, '06:54:03'),
(728, 28, '2023-08-26', 1, '07:00:00'),
(729, 29, '2023-08-01', 1, '06:55:10'),
(730, 29, '2023-08-02', 1, '06:54:03'),
(731, 29, '2023-08-03', 2, '07:00:00'),
(732, 29, '2023-08-04', 1, '06:55:10'),
(733, 29, '2023-08-05', 1, '06:49:04'),
(734, 29, '2023-08-06', 1, '06:56:20'),
(735, 29, '2023-08-07', 2, '07:00:00'),
(736, 29, '2023-08-08', 9, '07:10:04'),
(737, 29, '2023-08-09', 1, '06:56:20'),
(738, 29, '2023-08-10', 2, '07:00:00'),
(739, 29, '2023-08-11', 1, '06:55:05'),
(740, 29, '2023-08-12', 1, '06:54:03'),
(741, 29, '2023-08-13', 3, '07:00:00'),
(742, 29, '2023-08-14', 1, '06:55:10'),
(743, 29, '2023-08-15', 1, '06:49:04'),
(744, 29, '2023-08-16', 1, '06:56:20'),
(745, 29, '2023-08-17', 2, '07:00:00'),
(746, 29, '2023-08-18', 9, '07:10:04'),
(747, 29, '2023-08-19', 1, '06:56:20'),
(748, 29, '2023-08-20', 1, '06:00:00'),
(749, 29, '2023-08-21', 1, '06:55:05'),
(750, 29, '2023-08-22', 1, '06:54:03'),
(751, 29, '2023-08-23', 1, '06:56:04'),
(752, 29, '2023-08-24', 1, '06:55:10'),
(753, 29, '2023-08-25', 1, '06:49:04'),
(754, 29, '2023-08-26', 1, '06:56:20'),
(755, 30, '2023-08-01', 1, '06:59:10'),
(756, 30, '2023-08-02', 9, '07:10:04'),
(757, 30, '2023-08-03', 9, '06:54:03'),
(758, 30, '2023-08-04', 2, '07:00:00'),
(759, 30, '2023-08-05', 1, '06:55:10'),
(760, 30, '2023-08-06', 3, '07:00:00'),
(761, 30, '2023-08-07', 3, '07:00:00'),
(762, 30, '2023-08-08', 2, '07:00:00'),
(763, 30, '2023-08-09', 9, '07:10:04'),
(764, 30, '2023-08-10', 9, '06:56:20'),
(765, 30, '2023-08-11', 3, '07:00:00'),
(766, 30, '2023-08-12', 1, '06:55:05'),
(767, 30, '2023-08-13', 1, '06:54:03'),
(768, 30, '2023-08-14', 3, '07:00:00'),
(769, 30, '2023-08-15', 1, '06:55:10'),
(770, 30, '2023-08-16', 1, '06:49:04'),
(771, 30, '2023-08-17', 1, '06:56:20'),
(772, 30, '2023-08-18', 2, '07:00:00'),
(773, 30, '2023-08-19', 9, '07:10:04'),
(774, 30, '2023-08-20', 1, '06:56:20'),
(775, 30, '2023-08-21', 2, '07:00:00'),
(776, 30, '2023-08-22', 3, '07:00:00'),
(777, 30, '2023-08-23', 3, '07:00:00'),
(778, 30, '2023-08-24', 1, '06:56:04'),
(779, 30, '2023-08-25', 1, '06:55:10'),
(780, 30, '2023-08-26', 1, '06:49:04'),
(781, 31, '2023-08-01', 1, '06:56:20'),
(782, 31, '2023-08-02', 1, '06:59:10'),
(783, 31, '2023-08-03', 1, '06:54:03'),
(784, 31, '2023-08-04', 2, '07:00:00'),
(785, 31, '2023-08-05', 1, '06:55:10'),
(786, 31, '2023-08-06', 1, '06:49:04'),
(787, 31, '2023-08-07', 1, '06:56:20'),
(788, 31, '2023-08-08', 1, '07:00:00'),
(789, 31, '2023-08-09', 9, '07:10:04'),
(790, 31, '2023-08-10', 1, '06:56:20'),
(791, 31, '2023-08-11', 1, '06:50:10'),
(792, 31, '2023-08-12', 1, '06:55:05'),
(793, 31, '2023-08-13', 1, '06:54:03'),
(794, 31, '2023-08-14', 1, '07:00:00'),
(795, 31, '2023-08-15', 1, '06:55:10'),
(796, 31, '2023-08-16', 1, '06:49:04'),
(797, 31, '2023-08-17', 1, '06:56:20'),
(798, 31, '2023-08-18', 1, '07:00:00'),
(799, 31, '2023-08-19', 1, '07:10:04'),
(800, 31, '2023-08-20', 1, '06:56:20'),
(801, 31, '2023-08-21', 1, '07:00:00'),
(802, 31, '2023-08-22', 1, '06:55:05'),
(803, 31, '2023-08-23', 1, '06:54:03'),
(804, 31, '2023-08-24', 1, '06:56:04'),
(805, 31, '2023-08-25', 1, '06:55:10'),
(806, 31, '2023-08-26', 1, '06:49:04'),
(807, 32, '2023-08-01', 1, '06:56:20'),
(808, 32, '2023-08-02', 1, '06:59:10'),
(809, 32, '2023-08-03', 1, '06:54:03'),
(810, 32, '2023-08-04', 1, '07:00:00'),
(811, 32, '2023-08-05', 1, '06:55:10'),
(812, 32, '2023-08-06', 1, '06:49:04'),
(813, 32, '2023-08-07', 1, '06:56:20'),
(814, 32, '2023-08-08', 2, '07:00:00'),
(815, 32, '2023-08-09', 9, '07:10:04'),
(816, 32, '2023-08-10', 1, '06:56:20'),
(817, 32, '2023-08-11', 1, '07:00:00'),
(818, 32, '2023-08-12', 1, '06:55:05'),
(819, 32, '2023-08-13', 1, '06:54:03'),
(820, 32, '2023-08-14', 1, '07:00:00'),
(821, 32, '2023-08-15', 1, '06:55:10'),
(822, 32, '2023-08-16', 1, '06:49:04'),
(823, 32, '2023-08-17', 1, '06:56:20'),
(824, 32, '2023-08-18', 1, '07:00:00'),
(825, 32, '2023-08-19', 9, '07:10:04'),
(826, 32, '2023-08-20', 9, '07:20:20'),
(827, 32, '2023-08-21', 2, '07:00:00'),
(828, 32, '2023-08-22', 1, '06:55:05'),
(829, 32, '2023-08-23', 1, '06:54:03'),
(830, 32, '2023-08-24', 1, '06:56:04'),
(831, 32, '2023-08-25', 1, '06:55:10'),
(832, 32, '2023-08-26', 1, '06:49:04'),
(833, 33, '2023-08-01', 1, '06:56:20'),
(834, 33, '2023-08-02', 1, '06:59:10'),
(835, 33, '2023-08-03', 1, '06:54:03'),
(836, 33, '2023-08-04', 2, '07:00:00'),
(837, 33, '2023-08-05', 1, '06:55:10'),
(838, 33, '2023-08-06', 1, '06:49:04'),
(839, 33, '2023-08-07', 1, '06:56:20'),
(840, 33, '2023-08-08', 2, '07:00:00'),
(841, 33, '2023-08-09', 9, '07:10:04'),
(842, 33, '2023-08-10', 1, '06:56:20'),
(843, 33, '2023-08-11', 2, '07:00:00'),
(844, 33, '2023-08-12', 9, '06:55:05'),
(845, 33, '2023-08-13', 1, '06:54:03'),
(846, 33, '2023-08-14', 9, '07:10:00'),
(847, 33, '2023-08-15', 1, '06:55:10'),
(848, 33, '2023-08-16', 1, '06:49:04'),
(849, 33, '2023-08-17', 9, '06:56:20'),
(850, 33, '2023-08-18', 1, '07:00:00'),
(851, 33, '2023-08-19', 9, '07:10:04'),
(852, 33, '2023-08-20', 1, '06:56:20'),
(853, 33, '2023-08-21', 1, '07:00:00'),
(854, 33, '2023-08-22', 1, '06:55:05'),
(855, 33, '2023-08-23', 1, '06:54:03'),
(856, 33, '2023-08-24', 1, '06:56:04'),
(857, 33, '2023-08-25', 1, '06:55:10'),
(858, 33, '2023-08-26', 1, '06:49:04'),
(859, 34, '2023-08-01', 1, '06:56:20'),
(860, 34, '2023-08-02', 1, '06:59:10'),
(861, 34, '2023-08-03', 1, '06:54:03'),
(862, 34, '2023-08-04', 2, '07:00:00'),
(863, 34, '2023-08-05', 1, '06:55:10'),
(864, 34, '2023-08-06', 1, '06:49:04'),
(865, 34, '2023-08-07', 1, '06:56:20'),
(866, 34, '2023-08-08', 2, '07:00:00'),
(867, 34, '2023-08-09', 9, '07:10:04'),
(868, 34, '2023-08-10', 1, '06:56:20'),
(869, 34, '2023-08-11', 1, '07:00:00'),
(870, 34, '2023-08-12', 1, '06:55:05'),
(871, 34, '2023-08-13', 1, '06:54:03'),
(872, 34, '2023-08-14', 1, '07:00:00'),
(873, 34, '2023-08-15', 1, '06:55:10'),
(874, 34, '2023-08-16', 1, '06:49:04'),
(875, 34, '2023-08-17', 1, '06:56:20'),
(876, 34, '2023-08-18', 1, '07:00:00'),
(877, 34, '2023-08-19', 9, '07:10:04'),
(878, 34, '2023-08-20', 1, '06:56:20'),
(879, 34, '2023-08-21', 1, '07:00:00'),
(880, 34, '2023-08-22', 1, '06:55:05'),
(881, 34, '2023-08-23', 1, '06:54:03'),
(882, 34, '2023-08-24', 1, '06:56:04'),
(883, 34, '2023-08-25', 1, '06:55:10'),
(884, 34, '2023-08-26', 1, '06:49:04'),
(885, 35, '2023-08-01', 1, '06:56:20'),
(886, 35, '2023-08-02', 1, '06:59:10'),
(887, 35, '2023-08-03', 9, '07:10:04'),
(888, 35, '2023-08-04', 1, '06:54:03'),
(889, 35, '2023-08-05', 1, '07:00:00'),
(890, 35, '2023-08-06', 1, '06:55:10'),
(891, 35, '2023-08-07', 1, '06:49:04'),
(892, 35, '2023-08-08', 1, '06:56:20'),
(893, 35, '2023-08-09', 1, '07:00:00'),
(894, 35, '2023-08-10', 9, '07:10:04'),
(895, 35, '2023-08-11', 1, '06:56:20'),
(896, 35, '2023-08-12', 1, '07:00:00'),
(897, 35, '2023-08-13', 1, '06:55:05'),
(898, 35, '2023-08-14', 1, '06:54:03'),
(899, 35, '2023-08-15', 1, '07:00:00'),
(900, 35, '2023-08-16', 1, '06:55:10'),
(901, 35, '2023-08-17', 1, '06:49:04'),
(902, 35, '2023-08-18', 1, '06:56:20'),
(903, 35, '2023-08-19', 1, '07:00:00'),
(904, 35, '2023-08-20', 9, '07:10:04'),
(905, 35, '2023-08-21', 1, '06:56:20'),
(906, 35, '2023-08-22', 2, '07:00:00'),
(907, 35, '2023-08-23', 1, '06:55:05'),
(908, 35, '2023-08-24', 1, '06:54:03'),
(909, 35, '2023-08-25', 1, '06:56:04'),
(910, 35, '2023-08-26', 1, '06:55:10'),
(911, 36, '2023-08-01', 1, '06:49:04'),
(912, 36, '2023-08-02', 1, '06:56:20'),
(913, 36, '2023-08-03', 1, '06:59:10'),
(914, 36, '2023-08-04', 1, '06:54:03'),
(915, 36, '2023-08-05', 1, '06:40:00'),
(916, 36, '2023-08-06', 1, '06:55:10'),
(917, 36, '2023-08-07', 1, '06:54:03'),
(918, 36, '2023-08-08', 2, '07:00:00'),
(919, 36, '2023-08-09', 1, '06:55:10'),
(920, 36, '2023-08-10', 1, '06:49:04'),
(921, 36, '2023-08-11', 1, '06:56:20'),
(922, 36, '2023-08-12', 1, '07:00:00'),
(923, 36, '2023-08-13', 9, '07:10:04'),
(924, 36, '2023-08-14', 1, '06:56:20'),
(925, 36, '2023-08-15', 1, '06:50:00'),
(926, 36, '2023-08-16', 1, '06:55:05'),
(927, 36, '2023-08-17', 1, '06:54:03'),
(928, 36, '2023-08-18', 3, '07:00:00'),
(929, 36, '2023-08-19', 1, '06:55:10'),
(930, 36, '2023-08-20', 1, '06:49:04'),
(931, 36, '2023-08-21', 1, '06:56:20'),
(932, 36, '2023-08-22', 1, '07:00:00'),
(933, 36, '2023-08-23', 9, '07:10:04'),
(934, 36, '2023-08-24', 1, '06:56:20'),
(935, 36, '2023-08-25', 1, '07:00:00'),
(936, 36, '2023-08-26', 1, '06:55:05'),
(937, 37, '2023-08-01', 1, '06:54:03'),
(938, 37, '2023-08-02', 1, '06:56:04'),
(939, 37, '2023-08-03', 1, '06:55:10'),
(940, 37, '2023-08-04', 1, '06:49:04'),
(941, 37, '2023-08-05', 1, '06:56:20'),
(942, 37, '2023-08-06', 1, '06:59:10'),
(943, 37, '2023-08-07', 9, '07:10:04'),
(944, 37, '2023-08-08', 1, '06:54:03'),
(945, 37, '2023-08-09', 2, '07:00:00'),
(946, 37, '2023-08-10', 1, '06:55:10'),
(947, 37, '2023-08-11', 1, '06:49:04'),
(948, 37, '2023-08-12', 1, '06:56:20'),
(949, 37, '2023-08-13', 2, '07:00:00'),
(950, 37, '2023-08-14', 9, '07:10:04'),
(951, 37, '2023-08-15', 1, '06:56:20'),
(952, 37, '2023-08-16', 1, '07:00:00'),
(953, 37, '2023-08-17', 1, '06:55:05'),
(954, 37, '2023-08-18', 1, '06:54:03'),
(955, 37, '2023-08-19', 3, '07:00:00'),
(956, 37, '2023-08-20', 1, '06:55:10'),
(957, 37, '2023-08-21', 1, '06:49:04'),
(958, 37, '2023-08-22', 1, '06:56:20'),
(959, 37, '2023-08-23', 9, '07:20:00'),
(960, 37, '2023-08-24', 9, '07:10:04'),
(961, 37, '2023-08-25', 1, '06:56:20'),
(962, 37, '2023-08-26', 1, '07:00:00'),
(963, 38, '2023-08-01', 1, '06:55:05'),
(964, 38, '2023-08-02', 1, '06:54:03'),
(965, 38, '2023-08-03', 1, '06:56:04'),
(966, 38, '2023-08-04', 1, '06:55:10'),
(967, 38, '2023-08-05', 1, '06:49:04'),
(968, 38, '2023-08-06', 1, '06:56:20'),
(969, 38, '2023-08-07', 1, '06:59:10'),
(970, 38, '2023-08-08', 1, '06:54:03'),
(971, 38, '2023-08-09', 2, '07:00:00'),
(972, 38, '2023-08-10', 1, '06:55:10'),
(973, 38, '2023-08-11', 1, '06:54:03'),
(974, 38, '2023-08-12', 2, '07:00:00'),
(975, 38, '2023-08-13', 1, '06:55:10'),
(976, 38, '2023-08-14', 1, '06:49:04'),
(977, 38, '2023-08-15', 1, '06:56:20'),
(978, 38, '2023-08-16', 2, '07:00:00'),
(979, 38, '2023-08-17', 9, '07:10:04'),
(980, 38, '2023-08-18', 1, '06:56:20'),
(981, 38, '2023-08-19', 2, '07:00:00'),
(982, 38, '2023-08-20', 1, '06:55:05'),
(983, 38, '2023-08-21', 1, '06:54:03'),
(984, 38, '2023-08-22', 1, '07:00:00'),
(985, 38, '2023-08-23', 1, '06:55:10'),
(986, 38, '2023-08-24', 1, '06:49:04'),
(987, 38, '2023-08-25', 1, '06:56:20'),
(988, 38, '2023-08-26', 1, '07:00:00'),
(989, 39, '2023-08-01', 9, '07:10:04'),
(990, 39, '2023-08-02', 1, '06:56:20'),
(991, 39, '2023-08-03', 9, '07:11:00'),
(992, 39, '2023-08-04', 1, '06:55:05'),
(993, 39, '2023-08-05', 1, '06:54:03'),
(994, 39, '2023-08-06', 1, '06:56:04'),
(995, 39, '2023-08-07', 1, '06:55:10'),
(996, 39, '2023-08-08', 1, '06:49:04'),
(997, 39, '2023-08-09', 1, '06:56:20'),
(998, 39, '2023-08-10', 1, '06:59:10'),
(999, 39, '2023-08-11', 9, '07:10:04'),
(1000, 39, '2023-08-12', 1, '06:54:03'),
(1001, 39, '2023-08-13', 2, '07:00:00'),
(1002, 39, '2023-08-14', 1, '06:55:10'),
(1003, 39, '2023-08-15', 1, '06:49:04'),
(1004, 39, '2023-08-16', 1, '06:56:20'),
(1005, 39, '2023-08-17', 2, '07:00:00'),
(1006, 39, '2023-08-18', 9, '07:10:04'),
(1007, 39, '2023-08-19', 1, '06:56:20'),
(1008, 39, '2023-08-20', 2, '07:00:00'),
(1009, 39, '2023-08-21', 1, '06:55:05'),
(1010, 39, '2023-08-22', 1, '06:54:03'),
(1011, 39, '2023-08-23', 9, '07:20:00'),
(1012, 39, '2023-08-24', 1, '06:55:10'),
(1013, 39, '2023-08-25', 1, '06:49:04'),
(1014, 39, '2023-08-26', 1, '06:56:20'),
(1015, 40, '2023-08-01', 2, '07:00:00'),
(1016, 40, '2023-08-02', 9, '07:10:04'),
(1017, 40, '2023-08-03', 1, '06:56:20'),
(1018, 40, '2023-08-04', 9, '07:20:00'),
(1019, 40, '2023-08-05', 1, '06:55:05'),
(1020, 40, '2023-08-06', 1, '06:54:03'),
(1021, 40, '2023-08-07', 1, '06:56:04'),
(1022, 40, '2023-08-08', 1, '06:55:10'),
(1023, 40, '2023-08-09', 1, '06:49:04'),
(1024, 40, '2023-08-10', 1, '06:56:20'),
(1025, 40, '2023-08-11', 1, '06:59:10'),
(1026, 40, '2023-08-12', 1, '06:54:03'),
(1027, 40, '2023-08-13', 2, '07:00:00'),
(1028, 40, '2023-08-14', 1, '06:55:10'),
(1029, 40, '2023-08-15', 1, '06:49:04'),
(1030, 40, '2023-08-16', 1, '06:56:20'),
(1031, 40, '2023-08-17', 2, '07:00:00'),
(1032, 40, '2023-08-18', 9, '07:10:04'),
(1033, 40, '2023-08-19', 1, '06:56:20'),
(1034, 40, '2023-08-20', 1, '07:00:00'),
(1035, 40, '2023-08-21', 1, '06:55:05'),
(1036, 40, '2023-08-22', 1, '06:54:03'),
(1037, 40, '2023-08-23', 3, '07:00:00'),
(1038, 40, '2023-08-24', 1, '06:55:10'),
(1039, 40, '2023-08-25', 1, '06:49:04'),
(1040, 40, '2023-08-26', 1, '06:56:20'),
(1041, 41, '2023-08-01', 1, '07:00:00'),
(1042, 41, '2023-08-02', 9, '07:10:04'),
(1043, 41, '2023-08-03', 1, '06:56:20'),
(1044, 41, '2023-08-04', 1, '07:00:00'),
(1045, 41, '2023-08-05', 1, '06:55:05'),
(1046, 41, '2023-08-06', 1, '06:54:03'),
(1047, 41, '2023-08-07', 1, '06:56:04'),
(1048, 41, '2023-08-08', 1, '06:55:10'),
(1049, 41, '2023-08-09', 1, '06:49:04'),
(1050, 41, '2023-08-10', 1, '06:56:20'),
(1051, 41, '2023-08-11', 1, '06:59:10'),
(1052, 41, '2023-08-12', 1, '06:54:03'),
(1053, 41, '2023-08-13', 9, '07:10:00'),
(1054, 41, '2023-08-14', 1, '06:55:10'),
(1055, 41, '2023-08-15', 1, '06:49:04'),
(1056, 41, '2023-08-16', 1, '06:56:20'),
(1057, 41, '2023-08-17', 1, '06:50:00'),
(1058, 41, '2023-08-18', 9, '07:10:04'),
(1059, 41, '2023-08-19', 1, '06:56:20'),
(1060, 41, '2023-08-20', 2, '07:00:00'),
(1061, 41, '2023-08-21', 1, '06:55:05'),
(1062, 41, '2023-08-22', 1, '06:54:03'),
(1063, 41, '2023-08-23', 3, '07:00:00'),
(1064, 41, '2023-08-24', 1, '06:55:10'),
(1065, 41, '2023-08-25', 1, '06:49:04'),
(1066, 41, '2023-08-26', 1, '06:56:20'),
(1067, 42, '2023-08-01', 1, '06:50:00'),
(1068, 42, '2023-08-02', 9, '07:10:04'),
(1069, 42, '2023-08-03', 1, '06:56:20'),
(1070, 42, '2023-08-04', 3, '07:00:00'),
(1071, 42, '2023-08-05', 1, '06:55:05'),
(1072, 42, '2023-08-06', 1, '06:54:03'),
(1073, 42, '2023-08-07', 1, '06:56:04'),
(1074, 42, '2023-08-08', 1, '06:55:10'),
(1075, 42, '2023-08-09', 1, '06:49:04'),
(1076, 42, '2023-08-10', 1, '06:56:20'),
(1077, 42, '2023-08-11', 1, '06:59:10'),
(1078, 42, '2023-08-12', 1, '06:54:03'),
(1079, 42, '2023-08-13', 9, '07:00:00'),
(1080, 42, '2023-08-14', 1, '06:55:10'),
(1081, 42, '2023-08-15', 1, '06:49:04'),
(1082, 42, '2023-08-16', 1, '06:56:20'),
(1083, 42, '2023-08-17', 9, '07:00:00'),
(1084, 42, '2023-08-18', 9, '07:10:04'),
(1085, 42, '2023-08-19', 1, '06:56:20'),
(1086, 42, '2023-08-20', 1, '07:00:00'),
(1087, 42, '2023-08-21', 1, '06:55:05'),
(1088, 42, '2023-08-22', 1, '06:54:03'),
(1089, 42, '2023-08-23', 1, '07:00:00'),
(1090, 42, '2023-08-24', 1, '06:55:10'),
(1091, 42, '2023-08-25', 1, '06:49:04'),
(1092, 42, '2023-08-26', 1, '06:56:20'),
(1093, 43, '2023-08-01', 1, '07:00:00'),
(1094, 43, '2023-08-02', 1, '07:10:04'),
(1095, 43, '2023-08-03', 1, '06:56:20'),
(1096, 43, '2023-08-04', 1, '07:00:00'),
(1097, 43, '2023-08-05', 1, '06:55:05'),
(1098, 43, '2023-08-06', 1, '06:54:03'),
(1099, 43, '2023-08-07', 1, '06:34:04'),
(1100, 43, '2023-08-08', 1, '06:55:10'),
(1101, 43, '2023-08-09', 1, '06:49:04'),
(1102, 43, '2023-08-10', 1, '06:56:20'),
(1103, 43, '2023-08-11', 1, '06:59:10'),
(1104, 43, '2023-08-12', 1, '06:54:03'),
(1105, 43, '2023-08-13', 1, '07:00:00'),
(1106, 43, '2023-08-14', 1, '06:55:10'),
(1107, 43, '2023-08-15', 1, '06:49:04'),
(1108, 43, '2023-08-16', 1, '06:56:20'),
(1109, 43, '2023-08-17', 1, '07:00:00'),
(1110, 43, '2023-08-18', 1, '06:50:04'),
(1111, 43, '2023-08-19', 1, '06:56:20'),
(1112, 43, '2023-08-20', 1, '07:00:00'),
(1113, 43, '2023-08-21', 1, '06:55:05'),
(1114, 43, '2023-08-22', 1, '06:54:03'),
(1115, 43, '2023-08-23', 1, '07:00:00'),
(1116, 43, '2023-08-24', 1, '06:55:10'),
(1117, 43, '2023-08-25', 1, '06:49:04'),
(1118, 43, '2023-08-26', 1, '06:56:20'),
(1119, 44, '2023-08-01', 1, '07:00:00'),
(1120, 44, '2023-08-02', 9, '07:10:04'),
(1121, 44, '2023-08-03', 1, '06:56:20'),
(1122, 44, '2023-08-04', 1, '07:00:00'),
(1123, 44, '2023-08-05', 1, '06:55:05'),
(1124, 44, '2023-08-06', 1, '06:54:03'),
(1125, 44, '2023-08-07', 1, '06:56:04'),
(1126, 44, '2023-08-08', 1, '06:55:10'),
(1127, 44, '2023-08-09', 1, '06:49:04'),
(1128, 44, '2023-08-10', 1, '06:56:20'),
(1129, 44, '2023-08-11', 1, '06:59:10'),
(1130, 44, '2023-08-12', 9, '07:10:04'),
(1131, 44, '2023-08-13', 1, '06:54:03'),
(1132, 44, '2023-08-14', 2, '07:00:00'),
(1133, 44, '2023-08-15', 1, '06:55:10'),
(1134, 44, '2023-08-16', 1, '06:49:04'),
(1135, 44, '2023-08-17', 1, '06:56:20'),
(1136, 44, '2023-08-18', 1, '07:00:00'),
(1137, 44, '2023-08-19', 9, '07:10:04'),
(1138, 44, '2023-08-20', 1, '06:56:20'),
(1139, 44, '2023-08-21', 1, '07:00:00'),
(1140, 44, '2023-08-22', 1, '06:55:05'),
(1141, 44, '2023-08-23', 1, '06:54:03'),
(1142, 44, '2023-08-24', 1, '07:00:00'),
(1143, 44, '2023-08-25', 1, '06:55:10'),
(1144, 44, '2023-08-26', 1, '06:49:04'),
(1145, 45, '2023-08-01', 1, '06:56:20'),
(1146, 45, '2023-08-02', 1, '07:00:00'),
(1147, 45, '2023-08-03', 9, '07:10:04'),
(1148, 45, '2023-08-04', 1, '06:56:20'),
(1149, 45, '2023-08-05', 9, '07:30:00'),
(1150, 45, '2023-08-06', 1, '06:55:05'),
(1151, 45, '2023-08-07', 1, '06:54:03'),
(1152, 45, '2023-08-08', 1, '06:56:04'),
(1153, 45, '2023-08-09', 1, '06:55:10'),
(1154, 45, '2023-08-10', 1, '06:49:04'),
(1155, 45, '2023-08-11', 1, '06:56:20'),
(1156, 45, '2023-08-12', 1, '06:59:10'),
(1157, 45, '2023-08-13', 1, '06:54:03'),
(1158, 45, '2023-08-14', 2, '07:00:00'),
(1159, 45, '2023-08-15', 1, '06:55:10'),
(1160, 45, '2023-08-16', 1, '06:54:03'),
(1161, 45, '2023-08-17', 1, '07:00:00'),
(1162, 45, '2023-08-18', 1, '06:55:10'),
(1163, 45, '2023-08-19', 1, '06:49:04'),
(1164, 45, '2023-08-20', 1, '06:56:20'),
(1165, 45, '2023-08-21', 1, '07:00:00'),
(1166, 45, '2023-08-22', 9, '07:10:04'),
(1167, 45, '2023-08-23', 1, '06:56:20'),
(1168, 45, '2023-08-24', 1, '07:00:00'),
(1169, 45, '2023-08-25', 1, '06:55:05'),
(1170, 45, '2023-08-26', 1, '06:54:03'),
(1171, 46, '2023-08-01', 1, '07:00:00'),
(1172, 46, '2023-08-02', 1, '06:55:10'),
(1173, 46, '2023-08-03', 1, '06:49:04'),
(1174, 46, '2023-08-04', 1, '06:56:20'),
(1175, 46, '2023-08-05', 1, '07:00:00'),
(1176, 46, '2023-08-06', 9, '07:10:04'),
(1177, 46, '2023-08-07', 1, '06:56:20'),
(1178, 46, '2023-08-08', 1, '07:00:00'),
(1179, 46, '2023-08-09', 1, '06:55:05'),
(1180, 46, '2023-08-10', 1, '06:54:03'),
(1181, 46, '2023-08-11', 1, '06:56:04'),
(1182, 46, '2023-08-12', 1, '06:55:10'),
(1183, 46, '2023-08-13', 1, '06:49:04'),
(1184, 46, '2023-08-14', 1, '06:56:20'),
(1185, 46, '2023-08-15', 1, '06:59:10'),
(1186, 46, '2023-08-16', 1, '07:10:04'),
(1187, 46, '2023-08-17', 1, '06:54:03'),
(1188, 46, '2023-08-18', 1, '07:00:00'),
(1189, 46, '2023-08-19', 1, '06:55:10'),
(1190, 46, '2023-08-20', 1, '06:49:04'),
(1191, 46, '2023-08-21', 1, '06:56:20'),
(1192, 46, '2023-08-22', 2, '07:00:00'),
(1193, 46, '2023-08-23', 9, '07:10:04'),
(1194, 46, '2023-08-24', 1, '06:56:20'),
(1195, 46, '2023-08-25', 2, '07:00:00'),
(1196, 46, '2023-08-26', 1, '06:55:05'),
(1197, 47, '2023-08-01', 1, '06:54:03'),
(1198, 47, '2023-08-02', 1, '07:00:00'),
(1199, 47, '2023-08-03', 1, '06:55:10'),
(1200, 47, '2023-08-04', 1, '06:49:04'),
(1201, 47, '2023-08-05', 1, '06:56:20'),
(1202, 47, '2023-08-06', 1, '07:00:00'),
(1203, 47, '2023-08-07', 9, '07:10:04'),
(1204, 47, '2023-08-08', 1, '06:56:20'),
(1205, 47, '2023-08-09', 1, '07:00:00'),
(1206, 47, '2023-08-10', 1, '06:55:05'),
(1207, 47, '2023-08-11', 1, '06:54:03'),
(1208, 47, '2023-08-12', 1, '06:56:04'),
(1209, 47, '2023-08-13', 9, '07:25:10'),
(1210, 47, '2023-08-14', 1, '06:49:04'),
(1211, 47, '2023-08-15', 9, '07:36:20'),
(1212, 47, '2023-08-16', 1, '06:59:10'),
(1213, 47, '2023-08-17', 1, '06:54:03'),
(1214, 47, '2023-08-18', 9, '07:00:00'),
(1215, 47, '2023-08-19', 9, '07:25:10'),
(1216, 47, '2023-08-20', 1, '06:54:03'),
(1217, 47, '2023-08-21', 1, '07:00:00'),
(1218, 47, '2023-08-22', 1, '06:55:10'),
(1219, 47, '2023-08-23', 1, '06:49:04'),
(1220, 47, '2023-08-24', 1, '06:56:20'),
(1221, 47, '2023-08-25', 1, '07:00:00'),
(1222, 47, '2023-08-26', 9, '07:10:04'),
(1223, 48, '2023-08-01', 1, '06:56:20'),
(1224, 48, '2023-08-02', 1, '07:00:00'),
(1225, 48, '2023-08-03', 1, '06:55:05'),
(1226, 48, '2023-08-04', 1, '06:54:03'),
(1227, 48, '2023-08-05', 1, '07:00:00'),
(1228, 48, '2023-08-06', 1, '06:55:10'),
(1229, 48, '2023-08-07', 1, '06:49:04'),
(1230, 48, '2023-08-08', 1, '06:56:20'),
(1231, 48, '2023-08-09', 1, '07:00:00'),
(1232, 48, '2023-08-10', 9, '07:10:04'),
(1233, 48, '2023-08-11', 1, '06:56:20'),
(1234, 48, '2023-08-12', 1, '07:00:00'),
(1235, 48, '2023-08-13', 1, '06:55:05'),
(1236, 48, '2023-08-14', 1, '06:54:03'),
(1237, 48, '2023-08-15', 1, '06:56:04'),
(1238, 48, '2023-08-16', 1, '06:55:10'),
(1239, 48, '2023-08-17', 1, '06:49:04'),
(1240, 48, '2023-08-18', 1, '06:56:20'),
(1241, 48, '2023-08-19', 1, '06:59:10'),
(1242, 48, '2023-08-20', 1, '06:50:04'),
(1243, 48, '2023-08-21', 1, '06:54:03'),
(1244, 48, '2023-08-22', 1, '07:00:00'),
(1245, 48, '2023-08-23', 1, '06:55:10'),
(1246, 48, '2023-08-24', 1, '06:49:04'),
(1247, 48, '2023-08-25', 1, '06:56:20'),
(1248, 48, '2023-08-26', 1, '07:00:00'),
(1249, 49, '2023-08-01', 1, '06:56:04'),
(1250, 49, '2023-08-02', 1, '06:56:20'),
(1251, 49, '2023-08-03', 1, '07:00:00'),
(1252, 49, '2023-08-04', 1, '06:55:05'),
(1253, 49, '2023-08-05', 1, '06:54:03'),
(1254, 49, '2023-08-06', 1, '07:00:00'),
(1255, 49, '2023-08-07', 1, '06:55:10'),
(1256, 49, '2023-08-08', 1, '06:49:04'),
(1257, 49, '2023-08-09', 1, '06:56:20'),
(1258, 49, '2023-08-10', 1, '07:00:00'),
(1259, 49, '2023-08-11', 1, '07:10:04'),
(1260, 49, '2023-08-12', 1, '06:56:20'),
(1261, 49, '2023-08-13', 1, '07:00:00'),
(1262, 49, '2023-08-14', 1, '06:55:05'),
(1263, 49, '2023-08-15', 1, '06:54:03'),
(1264, 49, '2023-08-16', 1, '06:56:04'),
(1265, 49, '2023-08-17', 1, '06:55:10'),
(1266, 49, '2023-08-18', 1, '06:49:04'),
(1267, 49, '2023-08-19', 1, '06:56:20'),
(1268, 49, '2023-08-20', 1, '06:59:10'),
(1269, 49, '2023-08-21', 1, '06:54:03'),
(1270, 49, '2023-08-22', 1, '07:00:00'),
(1271, 49, '2023-08-23', 1, '06:55:10'),
(1272, 49, '2023-08-24', 1, '06:49:04'),
(1273, 49, '2023-08-25', 1, '06:56:20'),
(1274, 49, '2023-08-26', 1, '07:00:00'),
(1275, 50, '2023-08-01', 1, '07:00:00'),
(1276, 50, '2023-08-02', 1, '06:56:20'),
(1277, 50, '2023-08-03', 1, '07:00:00'),
(1278, 50, '2023-08-04', 1, '06:55:05'),
(1279, 50, '2023-08-05', 1, '06:54:03'),
(1280, 50, '2023-08-06', 1, '07:00:00'),
(1281, 50, '2023-08-07', 1, '06:55:10'),
(1282, 50, '2023-08-08', 1, '06:49:04'),
(1283, 50, '2023-08-09', 1, '06:56:20'),
(1284, 50, '2023-08-10', 2, '07:00:00'),
(1285, 50, '2023-08-11', 1, '06:50:04'),
(1286, 50, '2023-08-12', 1, '06:56:20'),
(1287, 50, '2023-08-13', 3, '07:00:00'),
(1288, 50, '2023-08-14', 1, '06:55:05'),
(1289, 50, '2023-08-15', 1, '06:54:03'),
(1290, 50, '2023-08-16', 1, '06:56:04'),
(1291, 50, '2023-08-17', 1, '06:55:10'),
(1292, 50, '2023-08-18', 1, '06:49:04'),
(1293, 50, '2023-08-19', 1, '06:56:20'),
(1294, 50, '2023-08-20', 1, '06:59:10'),
(1295, 50, '2023-08-21', 1, '06:54:03'),
(1296, 50, '2023-08-22', 2, '07:00:00'),
(1297, 50, '2023-08-23', 1, '06:55:10'),
(1298, 50, '2023-08-24', 1, '06:49:04'),
(1299, 50, '2023-08-25', 1, '06:56:20'),
(1300, 50, '2023-08-26', 1, '06:56:00');

-- --------------------------------------------------------

--
-- Struktur dari tabel `tbl_karyawan`
--

CREATE TABLE `tbl_karyawan` (
  `id_karyawan` int(11) NOT NULL,
  `nama_karyawan` varchar(125) NOT NULL,
  `jk_karyawan` varchar(125) NOT NULL,
  `alamat_karyawan` text NOT NULL,
  `no_hp_karyawan` varchar(125) NOT NULL,
  `divisi` varchar(125) NOT NULL,
  `jabatan` varchar(125) NOT NULL,
  `tgl_mulai` varchar(125) NOT NULL
) ENGINE=InnoDB DEFAULT CHARSET=latin1;

--
-- Dumping data untuk tabel `tbl_karyawan`
--

INSERT INTO `tbl_karyawan` (`id_karyawan`, `nama_karyawan`, `jk_karyawan`, `alamat_karyawan`, `no_hp_karyawan`, `divisi`, `jabatan`, `tgl_mulai`) VALUES
(1, 'Andi', 'Laki - Laki', 'Pondok Kacang', '89876565432', 'Kebersihan', 'Staff', '2020-05-11'),
(2, 'Ari Febiana', 'Laki - Laki', 'Perigi', '89776545578', 'Kebersihan', 'Staff', '2020-05-12'),
(3, 'Ahmad', 'Laki - Laki', 'Pondok Kacang', '86544545567', 'Kebersihan', 'Staff', '2020-05-12'),
(4, ' Bayu Anggara', 'Laki - Laki', 'Cianjur', '85676651221', 'Kebersihan', 'Staff', '2020-06-17'),
(5, ' Bima Ramadhan', 'Laki - Laki', 'Pondok Jagung', '89987654554', 'Kebersihan', 'Staff', '2020-06-17'),
(6, 'Daniansyah', 'Laki - Laki', 'Kuningan', '85667651234', 'Kebersihan', 'Staff', '2020-06-05'),
(7, 'Dadan', 'Laki - Laki', 'Pondok Kacang', '87665455129', 'Kebersihan', 'Staff', '2020-06-05'),
(8, 'Gilang Pratama', 'Laki - Laki', 'Kuningan', '87665612908', 'Kebersihan', 'Staff', '2020-06-05'),
(9, 'Yuyun ', 'Perempuan', 'Perigi', '85677612232', 'Kebersihan', 'Staff', '2020-07-10'),
(10, 'Nia ', 'Perempuan', 'Perigi', '87667612432', 'Kebersihan', 'Staff', '2020-07-11'),
(11, 'Arum', 'Perempuan', 'Pondok Kacang', '89876545676', 'Kebersihan', 'Staff', '2020-08-12'),
(12, 'Iwan ', 'Laki - Laki', 'Pondok Kacang', '89778653899', 'Kebersihan', 'Staff', '2020-11-23'),
(13, 'Ade Firman', 'Laki - Laki', 'Pondok Kacang', '89776632322', 'Kebersihan', 'Staff', '2020-11-24'),
(14, 'Tasripin', 'Laki - Laki', 'Pondok Kacang', '87764489332', 'Kebersihan', 'Staff', '2020-11-25'),
(15, 'Diding Sutardi', 'Laki - Laki', 'Pondok Kacang', '89987654323', 'Multiguna', 'Staff', '2020-11-26'),
(16, 'Nursamsu', 'Laki - Laki', 'Pondok Kacang', '85559764053', 'Multiguna', 'Staff', '2021-01-05'),
(17, 'Dede Hernandi', 'Laki - Laki', 'Pondok Kacang', '82116620500', 'Multiguna', 'Staff', '2021-01-06'),
(18, 'Yayan Heryan', 'Laki - Laki', 'Pondok Kacang', '85738915066', 'Multiguna', 'Staff', '2021-01-07'),
(19, 'Hartoyo', 'Laki - Laki', 'Pondok Kacang', '89945360982', 'Multiguna', 'Staff', '2021-01-08'),
(20, 'Yono Maryono', 'Laki - Laki', 'Pondok Jagung', '82143215678', 'Multiguna', 'Staff', '2021-01-09'),
(21, 'Taryono', 'Laki - Laki', 'Pondok Jagung', '82145679132', 'Multiguna', 'Staff', '2021-01-10'),
(22, 'Abdul ', 'Laki - Laki', 'Pondok Jagung', '89965437891', 'Multiguna', 'Staff', '2021-01-11'),
(23, 'Ade Firmansyah', 'Laki - Laki', 'Pondok Jagung', '82176892456', 'Multiguna', 'Staff', '2021-01-12'),
(24, 'Wawan Kustiawan', 'Laki - Laki', 'Pondok Jagung', '89987614562', 'Multiguna', 'Staff', '2021-01-13'),
(25, 'Muhadi ', 'Laki - Laki', 'Pondok Jagung', '82145980127', 'Multiguna', 'Staff', '2021-03-06'),
(26, ' Endang Santoso', 'Laki - Laki', 'Pondok Jagung', '89925679810', 'Multiguna', 'Staff', '2021-03-07'),
(27, 'Deden Junedi', 'Laki - Laki', 'Pondok Jagung', '89998712350', 'Multiguna', 'Staff', '2021-03-08'),
(28, 'Reza Alfiansyah', 'Laki - Laki', 'Pondok Jagung', '82198011278', 'Multiguna', 'Staff', '2021-03-09'),
(29, 'Fahmi Maulana', 'Laki - Laki', 'Perigi', '82176890912', 'Multiguna', 'Staff', '2021-03-10'),
(30, 'Rizki Rahadian', 'Laki - Laki', 'Perigi', '85224349019', 'Multiguna', 'Staff', '2021-03-11'),
(31, 'Neneng', 'Perempuan', 'Perigi', '82176091270', 'Kebersihan', 'Staff', '2021-03-12'),
(32, 'Atikah', 'Perempuan', 'Perigi', '89909812379', 'Kebersihan', 'Staff', '2022-01-01'),
(33, 'Yuni', 'Perempuan', 'Perigi', '82265718901', 'Kebersihan', 'Staff', '2022-01-01'),
(34, 'Rizal Muhaimin', 'Laki - Laki', 'Perigi', '89923760981', 'Kebersihan', 'Staff', '2022-01-01'),
(35, 'Agus Septian', 'Laki - Laki', 'Perigi', '89954217801', 'Kebersihan', 'Staff', '2022-01-01'),
(36, 'Dodo Widodo', 'Laki - Laki', 'Perigi', '81313537715', 'Kebersihan', 'Staff', '2022-01-01'),
(37, 'Robi Permana', 'Laki - Laki', 'Perigi', '89927365416', 'Kebersihan', 'Staff', '2022-01-01'),
(38, 'Didi ', 'Laki - Laki', 'Pondok Jaya', '82176483916', 'Kebersihan', 'Staff', '2022-05-01'),
(39, 'Rudi Utama', 'Laki - Laki', 'Pondok Jaya', '89976482682', 'Kebersihan', 'Staff', '2022-05-02'),
(40, 'Diki Jamaludin', 'Laki - Laki', 'Pondok Jaya', '89926391074', 'Kebersihan', 'Staff', '2022-05-03'),
(41, 'Nur Wati', 'Perempuan', 'Pondok Jaya', '82163574820', 'Kebersihan', 'Staff', '2022-05-04'),
(42, 'Uning', 'Perempuan', 'Pondok Jaya', '89984372915', 'Kebersihan', 'Staff', '2022-05-05'),
(43, 'Nina ', 'Perempuan', 'Pondok Jaya', '81779501281', 'Kebersihan', 'Staff', '2023-01-01'),
(44, 'Oki Pratama', 'Laki - Laki', 'Pondok Jaya', '89879787106', 'Kebersihan', 'Staff', '2023-01-02'),
(45, 'Udin', 'Laki - Laki', 'Pondok Jaya', '82231244562', 'Kebersihan', 'Staff', '2023-01-03'),
(46, 'Sofian', 'Laki - Laki', 'Pondok Pucung', '82232234556', 'Kebersihan', 'Staff', '2023-01-04'),
(47, 'Dani', 'Laki - Laki', 'Pondok Pucung', '82123566547', 'Kebersihan', 'Staff', '2023-01-05'),
(48, 'Hendra', 'Laki - Laki', 'Pondok Pucung', '89873345322', 'Kebersihan', 'Staff', '2023-01-06'),
(49, 'Nana', 'Laki - Laki', 'Pondok Pucung', '89022568840', 'Kebersihan', 'Staff', '2023-01-07'),
(50, 'Harsim', 'Laki - Laki', 'Pondok Pucung', '87755365676', 'Kebersihan', 'Staff', '2023-01-08');

-- --------------------------------------------------------

--
-- Struktur dari tabel `tbl_kriteria`
--

CREATE TABLE `tbl_kriteria` (
  `id_kriteria` int(11) NOT NULL,
  `nama_kriteria` varchar(125) NOT NULL,
  `bobot` int(11) NOT NULL,
  `type` int(11) NOT NULL
) ENGINE=InnoDB DEFAULT CHARSET=latin1;

--
-- Dumping data untuk tabel `tbl_kriteria`
--

INSERT INTO `tbl_kriteria` (`id_kriteria`, `nama_kriteria`, `bobot`, `type`) VALUES
(1, '17', 1, 1),
(2, '20', 2, 1),
(3, '23', 3, 1),
(4, '26', 4, 1),
(5, '0', 4, 2),
(6, '1', 3, 2),
(7, '2', 2, 2),
(8, '3', 1, 2),
(9, '0', 4, 3),
(10, '1', 3, 3),
(11, '2', 2, 3),
(12, '3', 1, 3),
(13, '1', 4, 4),
(14, '3', 3, 4),
(15, '5', 2, 4),
(16, '7', 1, 4),
(17, '37', 4, 5),
(18, '25', 3, 5),
(19, '13', 2, 5),
(20, '1', 1, 5);

-- --------------------------------------------------------

--
-- Struktur dari tabel `tbl_pelanggaran`
--

CREATE TABLE `tbl_pelanggaran` (
  `id_pelanggaran` int(11) NOT NULL,
  `id_karyawan` int(11) NOT NULL,
  `alasan_pelanggaran` text NOT NULL,
  `tgl_pelanggaran` varchar(15) NOT NULL
) ENGINE=InnoDB DEFAULT CHARSET=latin1;

--
-- Dumping data untuk tabel `tbl_pelanggaran`
--

INSERT INTO `tbl_pelanggaran` (`id_pelanggaran`, `id_karyawan`, `alasan_pelanggaran`, `tgl_pelanggaran`) VALUES
(1, 24, 'Tidak Memakai Sepatu', '2023-08-03'),
(2, 48, 'Tidak Memakai Sepatu', '2023-08-04'),
(3, 46, 'Tidak Memakai Sepatu', '2023-08-05'),
(4, 24, 'Tidak Memakai Sarung Tangan', '2023-08-06'),
(5, 44, 'Tidak Memakai Sarung Tangan', '2023-08-07'),
(6, 41, 'Tidak Memakai Sepatu', '2023-08-08'),
(7, 7, 'Tidak Memakai Sepatu', '2023-08-09'),
(8, 39, 'Tidak Memakai Rompi', '2023-08-10'),
(9, 25, 'Tidak Memakai Rompi', '2023-08-11'),
(10, 14, 'Tidak Memakai Rompi', '2023-08-12'),
(11, 21, 'Tidak Memakai Rompi', '2023-08-13'),
(12, 29, 'Tidak Memakai Sepatu', '2023-08-14'),
(13, 44, 'Tidak Memakai Sepatu', '2023-08-15'),
(14, 47, 'Tidak Memakai Sepatu', '2023-08-16'),
(15, 40, 'Tidak Memakai Rompi', '2023-08-17'),
(16, 45, 'Tidak Memakai Rompi', '2023-08-18'),
(17, 8, 'Tidak Memakai Rompi', '2023-08-19'),
(18, 25, 'Tidak Memakai Rompi', '2023-08-20'),
(19, 26, 'Tidak Memakai Rompi', '2023-08-21'),
(20, 32, 'Tidak Memakai Sarung Tangan', '2023-08-22'),
(21, 1, 'Tidak Memakai Sarung Tangan', '2023-08-23'),
(22, 2, 'Tidak Memakai Sarung Tangan', '2023-08-24'),
(23, 3, 'Tidak Memakai Sarung Tangan', '2023-08-25'),
(24, 5, 'Tidak Memakai Sarung Tangan', '2023-08-26'),
(25, 6, 'Tidak Memakai Sarung Tangan', '2023-08-27'),
(26, 6, 'Tidak Memakai Sarung Tangan', '2023-08-28'),
(27, 4, 'Tidak Memakai Sarung Tangan', '2023-08-29'),
(28, 3, 'Tidak Memakai Sarung Tangan', '2023-08-30'),
(29, 40, 'Tidak Memakai Rompi', '2023-08-31'),
(30, 4, 'Tidak Memakai Rompi', '2023-08-01'),
(31, 26, 'Tidak Memakai Rompi', '2023-08-02'),
(32, 22, 'Tidak Memakai Rompi', '2023-08-03'),
(33, 1, 'Tidak Memakai Rompi', '2023-08-04'),
(34, 17, 'Tidak Memakai Rompi', '2023-08-05'),
(35, 14, 'Tidak Memakai Rompi', '2023-08-06'),
(36, 14, 'Tidak Memakai Rompi', '2023-08-07'),
(37, 16, 'Tidak Memakai Rompi', '2023-08-08'),
(38, 15, 'Tidak Memakai Rompi', '2023-08-09'),
(39, 13, 'Tidak Memakai Rompi', '2023-08-10'),
(40, 14, 'Tidak Memakai Rompi', '2023-08-11'),
(41, 11, 'Tidak Memakai Rompi', '2023-08-12'),
(42, 1, 'Tidak Memakai Rompi', '2023-08-13'),
(43, 47, 'Tidak Memakai Rompi', '2023-08-14'),
(44, 46, 'Tidak Memakai Rompi', '2023-08-15'),
(45, 45, 'Tidak Memakai Rompi', '2023-08-16'),
(46, 45, 'Tidak Memakai Rompi', '2023-08-17'),
(47, 34, 'Tidak Memakai Rompi', '2023-08-18'),
(48, 22, 'Tidak Memakai Rompi', '2023-08-19'),
(49, 34, 'Tidak Memakai Rompi', '2023-08-20'),
(50, 33, 'Tidak Memakai Rompi', '2023-08-21'),
(51, 14, 'Tidak Memakai Sepatu', '2023-08-03'),
(52, 33, 'Tidak Memakai Sepatu', '2023-08-04'),
(53, 32, 'Tidak Memakai Sepatu', '2023-08-05'),
(54, 43, 'Tidak Memakai Sepatu', '2023-08-06'),
(55, 35, 'Tidak Memakai Sepatu', '2023-08-07'),
(56, 18, 'Tidak Memakai Sepatu', '2023-08-08'),
(57, 16, 'Tidak Memakai Sepatu', '2023-08-09'),
(58, 15, 'Tidak Memakai Sepatu', '2023-08-10'),
(59, 17, 'Tidak Memakai Sepatu', '2023-08-11'),
(60, 24, 'Tidak Memakai Sepatu', '2023-08-12'),
(61, 29, 'Tidak Memakai Sepatu', '2023-08-13'),
(62, 15, 'Tidak Memakai Sepatu', '2023-08-14'),
(63, 10, 'Tidak Memakai Sepatu', '2023-08-15'),
(64, 29, 'Tidak Memakai Sepatu', '2023-08-16'),
(65, 19, 'Tidak Memakai Rompi', '2023-08-17'),
(66, 1, 'Tidak Memakai Rompi', '2023-08-18'),
(67, 28, 'Tidak Memkai Sarung Tangan', '2023-08-19'),
(68, 26, 'Tidak Memkai Sarung Tangan', '2023-08-20'),
(69, 6, 'Tidak Memkai Sarung Tangan', '2023-08-21'),
(70, 16, 'Tidak Memkai Sarung Tangan', '2023-08-22'),
(71, 3, 'Tidak Memkai Sarung Tangan', '2023-08-23'),
(72, 26, 'Tidak Memkai Sarung Tangan', '2023-08-24'),
(73, 20, 'Tidak Memkai Sarung Tangan', '2023-08-25'),
(74, 10, 'Tidak Memkai Sarung Tangan', '2023-08-26'),
(75, 9, 'Tidak Memkai Sarung Tangan', '2023-08-27'),
(76, 6, 'Tidak Memkai Sarung Tangan', '2023-08-28'),
(77, 4, 'Tidak Memkai Sarung Tangan', '2023-08-29'),
(78, 8, 'Tidak Memkai Sarung Tangan', '2023-08-30'),
(79, 7, 'Tidak Memkai Sarung Tangan', '2023-08-31'),
(80, 6, 'Tidak Memkai Sarung Tangan', '2023-08-01'),
(81, 4, 'Tidak Memkai Sarung Tangan', '2023-08-02'),
(82, 2, 'Tidak Memkai Sarung Tangan', '2023-08-03'),
(83, 3, 'Tidak Memakai Rompi', '2023-08-04'),
(84, 24, 'Tidak Memakai Rompi', '2023-08-05'),
(85, 34, 'Tidak Memakai Rompi', '2023-08-06'),
(86, 25, 'Tidak Memakai Rompi', '2023-08-07'),
(87, 17, 'Tidak Memakai Rompi', '2023-08-08'),
(88, 15, 'Tidak Memakai Rompi', '2023-08-09'),
(89, 23, 'Tidak Memakai Rompi', '2023-08-10'),
(90, 22, 'Tidak Memakai Rompi', '2023-08-11'),
(91, 43, 'Tidak Memakai Rompi', '2023-08-12'),
(92, 43, 'Tidak Memkai Sarung Tangan', '2023-08-13'),
(93, 45, 'Tidak Memkai Sarung Tangan', '2023-08-14'),
(94, 23, 'Tidak Memkai Sarung Tangan', '2023-08-15'),
(95, 33, 'Tidak Memkai Sarung Tangan', '2023-08-16'),
(96, 49, 'Tidak Memkai Sarung Tangan', '2023-08-17'),
(97, 45, 'Tidak Memkai Sarung Tangan', '2023-08-18'),
(98, 43, 'Tidak Memakai Sepatu', '2023-08-19'),
(99, 47, 'Tidak Memakai Sepatu', '2023-08-20'),
(100, 45, 'Tidak Memakai Sepatu', '2023-08-21');

-- --------------------------------------------------------

--
-- Struktur dari tabel `tbl_pengelolaan_alat`
--

CREATE TABLE `tbl_pengelolaan_alat` (
  `id_pengelolaan_alat` int(11) NOT NULL,
  `id_karyawan` int(11) NOT NULL,
  `nama_alat` varchar(125) NOT NULL,
  `qty` int(11) NOT NULL,
  `tgl_pinjam` varchar(15) NOT NULL,
  `stat_kelola` int(11) NOT NULL
) ENGINE=InnoDB DEFAULT CHARSET=latin1;

--
-- Dumping data untuk tabel `tbl_pengelolaan_alat`
--

INSERT INTO `tbl_pengelolaan_alat` (`id_pengelolaan_alat`, `id_karyawan`, `nama_alat`, `qty`, `tgl_pinjam`, `stat_kelola`) VALUES
(1, 1, 'Sapu Lidi', 1, '01/08/2023', 1),
(2, 2, 'Scrap', 1, '01/08/2023', 1),
(3, 3, 'Serokan Sampah', 1, '01/08/2023', 0),
(4, 4, 'Scrap', 1, '01/08/2023', 1),
(5, 5, 'Sapu Lidi', 1, '01/08/2023', 1),
(6, 6, 'Sapu Lidi', 1, '01/08/2023', 1),
(7, 7, 'Serokan Sampah', 1, '01/08/2023', 1),
(8, 8, 'Serokan Sampah', 1, '01/08/2023', 1),
(9, 9, 'Cangkul', 1, '01/08/2023', 1),
(10, 10, 'Gunting Rumput', 1, '01/08/2023', 0),
(11, 11, 'Gunting Rumput', 1, '01/08/2023', 0),
(12, 12, 'Serokan Sampah', 1, '01/08/2023', 0),
(13, 13, 'Serokan Sampah', 1, '01/08/2023', 0),
(14, 14, 'Sapu Lidi', 1, '01/08/2023', 0),
(15, 15, 'Sapu Lidi', 1, '01/08/2023', 1),
(16, 16, 'Sapu Lidi', 1, '01/08/2023', 0),
(17, 17, 'Sapu Lidi', 1, '01/08/2023', 1),
(18, 18, 'Sapu Lidi', 1, '01/08/2023', 1),
(19, 19, 'Scrap', 1, '01/08/2023', 0),
(20, 20, 'Scrap', 1, '01/08/2023', 1),
(21, 21, 'Scrap', 1, '01/08/2023', 0),
(22, 22, 'Scrap', 1, '01/08/2023', 0),
(23, 23, 'Scrap', 1, '01/08/2023', 0),
(24, 24, 'Scrap', 1, '01/08/2023', 1),
(25, 25, 'Scrap', 1, '01/08/2023', 0),
(26, 26, 'Sapu Lidi', 1, '01/08/2023', 0),
(27, 27, 'Sapu Lidi', 1, '01/08/2023', 0),
(28, 28, 'Sapu Lidi', 1, '01/08/2023', 1),
(29, 29, 'Sapu Lidi', 1, '01/08/2023', 1),
(30, 30, 'Sapu Lidi', 1, '01/08/2023', 1),
(31, 31, 'Sapu Lidi', 1, '01/08/2023', 1),
(32, 32, 'Sapu Lidi', 1, '01/08/2023', 1),
(33, 33, 'Sapu Lidi', 1, '01/08/2023', 1),
(34, 34, 'Sapu Lidi', 1, '01/08/2023', 1),
(35, 35, 'Sapu Lidi', 1, '01/08/2023', 1),
(36, 36, 'Scrap', 1, '01/08/2023', 1),
(37, 37, 'Serokan Sampah', 1, '01/08/2023', 1),
(38, 38, 'Scrap', 1, '01/08/2023', 0),
(39, 39, 'Sapu Lidi', 1, '01/08/2023', 0),
(40, 40, 'Sapu Lidi', 1, '01/08/2023', 0),
(41, 41, 'Serokan Sampah', 1, '01/08/2023', 1),
(42, 42, 'Serokan Sampah', 1, '01/08/2023', 1),
(43, 43, 'Serokan Sampah', 1, '01/08/2023', 0),
(44, 44, 'Sapu Lidi', 1, '01/08/2023', 0),
(45, 45, 'Sapu Lidi', 1, '01/08/2023', 1),
(46, 46, 'Sapu Lidi', 1, '01/08/2023', 0),
(47, 47, 'Sapu Lidi', 1, '01/08/2023', 0),
(48, 48, 'Sapu Lidi', 1, '01/08/2023', 1),
(49, 49, 'Sapu Lidi', 1, '01/08/2023', 0),
(50, 50, 'Sapu Lidi', 1, '01/08/2023', 0),
(51, 1, 'Sapu Lidi', 1, '07/08/2023', 1),
(52, 2, 'Sapu Lidi', 1, '07/08/2023', 1),
(53, 3, 'Sapu Lidi', 1, '07/08/2023', 1),
(54, 4, 'Sapu Lidi', 1, '07/08/2023', 1),
(55, 5, 'Sapu Lidi', 1, '07/08/2023', 1),
(56, 6, 'Sapu Lidi', 1, '07/08/2023', 1),
(57, 7, 'Sapu Lidi', 1, '07/08/2023', 1),
(58, 8, 'Sapu Lidi', 1, '07/08/2023', 1),
(59, 9, 'Scrap', 1, '07/08/2023', 0),
(60, 10, 'Serokan Sampah', 1, '07/08/2023', 0),
(61, 11, 'Scrap', 1, '07/08/2023', 1),
(62, 12, 'Sapu Lidi', 1, '07/08/2023', 1),
(63, 13, 'Sapu Lidi', 1, '07/08/2023', 1),
(64, 14, 'Serokan Sampah', 1, '07/08/2023', 1),
(65, 15, 'Serokan Sampah', 1, '07/08/2023', 1),
(66, 16, 'Serokan Sampah', 1, '07/08/2023', 0),
(67, 17, 'Sapu Lidi', 1, '07/08/2023', 0),
(68, 18, 'Sapu Lidi', 1, '07/08/2023', 0),
(69, 19, 'Sapu Lidi', 1, '07/08/2023', 0),
(70, 20, 'Sapu Lidi', 1, '07/08/2023', 0),
(71, 21, 'Sapu Lidi', 1, '07/08/2023', 0),
(72, 22, 'Sapu Lidi', 1, '07/08/2023', 0),
(73, 23, 'Sapu Lidi', 1, '07/08/2023', 0),
(74, 24, 'Serokan Sampah', 1, '07/08/2023', 0),
(75, 25, 'Serokan Sampah', 1, '07/08/2023', 1),
(76, 26, 'Serokan Sampah', 1, '07/08/2023', 1),
(77, 27, 'Serokan Sampah', 1, '07/08/2023', 1),
(78, 28, 'Serokan Sampah', 1, '07/08/2023', 1),
(79, 29, 'Sapu Lidi', 1, '07/08/2023', 1),
(80, 30, 'Scrap', 1, '07/08/2023', 1),
(81, 31, 'Serokan Sampah', 1, '07/08/2023', 1),
(82, 32, 'Scrap', 1, '07/08/2023', 1),
(83, 33, 'Sapu Lidi', 1, '07/08/2023', 0),
(84, 34, 'Sapu Lidi', 1, '07/08/2023', 1),
(85, 35, 'Serokan Sampah', 1, '07/08/2023', 1),
(86, 36, 'Serokan Sampah', 1, '07/08/2023', 1),
(87, 37, 'Serokan Sampah', 1, '07/08/2023', 1),
(88, 38, 'Sapu Lidi', 1, '07/08/2023', 1),
(89, 39, 'Sapu Lidi', 1, '07/08/2023', 1),
(90, 40, 'Sapu Lidi', 1, '07/08/2023', 1),
(91, 41, 'Sapu Lidi', 1, '07/08/2023', 1),
(92, 42, 'Sapu Lidi', 1, '07/08/2023', 1),
(93, 43, 'Sapu Lidi', 1, '07/08/2023', 1),
(94, 44, 'Sapu Lidi', 1, '07/08/2023', 1),
(95, 45, 'Sapu Lidi', 1, '07/08/2023', 1),
(96, 46, 'Sapu Lidi', 1, '07/08/2023', 1),
(97, 47, 'Sapu Lidi', 1, '07/08/2023', 0),
(98, 48, 'Sapu Lidi', 1, '07/08/2023', 0),
(99, 49, 'Sapu Lidi', 1, '07/08/2023', 0),
(100, 50, 'Sapu Lidi', 1, '07/08/2023', 0),
(101, 1, 'Sapu Lidi', 1, '14/08/2023', 1),
(102, 2, 'Sapu Lidi', 1, '14/08/2023', 1),
(103, 3, 'Sapu Lidi', 1, '14/08/2023', 1),
(104, 4, 'Sapu Lidi', 1, '14/08/2023', 1),
(105, 5, 'Sapu Lidi', 1, '14/08/2023', 1),
(106, 6, 'Scrap', 1, '14/08/2023', 1),
(107, 7, 'Serokan Sampah', 1, '14/08/2023', 1),
(108, 8, 'Scrap', 1, '14/08/2023', 1),
(109, 9, 'Sapu Lidi', 1, '14/08/2023', 1),
(110, 10, 'Sapu Lidi', 1, '14/08/2023', 0),
(111, 11, 'Serokan Sampah', 1, '14/08/2023', 0),
(112, 12, 'Serokan Sampah', 1, '14/08/2023', 0),
(113, 13, 'Serokan Sampah', 1, '14/08/2023', 1),
(114, 14, 'Sapu Lidi', 1, '14/08/2023', 1),
(115, 15, 'Sapu Lidi', 1, '14/08/2023', 1),
(116, 16, 'Sapu Lidi', 1, '14/08/2023', 1),
(117, 17, 'Sapu Lidi', 1, '14/08/2023', 1),
(118, 18, 'Sapu Lidi', 1, '14/08/2023', 1),
(119, 19, 'Sapu Lidi', 1, '14/08/2023', 1),
(120, 20, 'Sapu Lidi', 1, '14/08/2023', 1),
(121, 21, 'Sapu Lidi', 1, '14/08/2023', 1),
(122, 22, 'Sapu Lidi', 1, '14/08/2023', 1),
(123, 23, 'Scrap', 1, '14/08/2023', 0),
(124, 24, 'Serokan Sampah', 1, '14/08/2023', 0),
(125, 25, 'Scrap', 1, '14/08/2023', 0),
(126, 26, 'Sapu Lidi', 1, '14/08/2023', 0),
(127, 27, 'Sapu Lidi', 1, '14/08/2023', 0),
(128, 28, 'Serokan Sampah', 1, '14/08/2023', 0),
(129, 29, 'Serokan Sampah', 1, '14/08/2023', 0),
(130, 30, 'Serokan Sampah', 1, '14/08/2023', 0),
(131, 31, 'Sapu Lidi', 1, '14/08/2023', 0),
(132, 32, 'Sapu Lidi', 1, '14/08/2023', 0),
(133, 33, 'Sapu Lidi', 1, '14/08/2023', 1),
(134, 34, 'Sapu Lidi', 1, '14/08/2023', 1),
(135, 35, 'Sapu Lidi', 1, '14/08/2023', 1),
(136, 36, 'Scrap', 1, '14/08/2023', 1),
(137, 37, 'Serokan Sampah', 1, '14/08/2023', 1),
(138, 38, 'Scrap', 1, '14/08/2023', 1),
(139, 39, 'Sapu Lidi', 1, '14/08/2023', 1),
(140, 40, 'Sapu Lidi', 1, '14/08/2023', 1),
(141, 41, 'Serokan Sampah', 1, '14/08/2023', 1),
(142, 42, 'Serokan Sampah', 1, '14/08/2023', 0),
(143, 43, 'Serokan Sampah', 1, '14/08/2023', 0),
(144, 44, 'Sapu Lidi', 1, '14/08/2023', 1),
(145, 45, 'Sapu Lidi', 1, '14/08/2023', 0),
(146, 46, 'Sapu Lidi', 1, '14/08/2023', 0),
(147, 47, 'Sapu Lidi', 1, '14/08/2023', 0),
(148, 48, 'Sapu Lidi', 1, '14/08/2023', 1),
(149, 49, 'Sapu Lidi', 1, '14/08/2023', 1),
(150, 50, 'Sapu Lidi', 1, '14/08/2023', 1),
(151, 1, 'Sapu Lidi', 1, '17/08/2023', 1),
(152, 1, 'Sapu Lidi', 1, '17/08/2023', 1),
(153, 3, 'Sapu Lidi', 1, '17/08/2023', 1),
(154, 4, 'Sapu Lidi', 1, '18/08/2023', 1),
(155, 5, 'Sapu Lidi', 1, '18/08/2023', 1),
(156, 6, 'Sapu Lidi', 1, '18/08/2023', 1),
(157, 6, 'Sapu Lidi', 1, '18/08/2023', 1),
(158, 8, 'Sapu Lidi', 1, '18/08/2023', 1),
(159, 9, 'Sapu Lidi', 1, '19/08/2023', 1),
(160, 10, 'Sapu Lidi', 1, '20/08/2023', 1),
(161, 11, 'Sapu Lidi', 1, '21/08/2023', 0),
(162, 12, 'Sapu Lidi', 1, '21/08/2023', 1),
(163, 13, 'Sapu Lidi', 1, '21/08/2023', 1),
(164, 14, 'Sapu Lidi', 1, '21/08/2023', 1),
(165, 15, 'Sapu Lidi', 1, '21/08/2023', 0),
(166, 16, 'Sapu Lidi', 1, '21/08/2023', 1),
(167, 17, 'Sapu Lidi', 1, '21/08/2023', 1),
(168, 18, 'Sapu Lidi', 1, '21/08/2023', 1),
(169, 19, 'Sapu Lidi', 1, '21/08/2023', 1),
(170, 20, 'Sapu Lidi', 1, '21/08/2023', 1);

-- --------------------------------------------------------

--
-- Struktur dari tabel `tbl_penilaian`
--

CREATE TABLE `tbl_penilaian` (
  `id_penilaian` int(11) NOT NULL,
  `id_karyawan` int(11) NOT NULL,
  `id_user` int(11) NOT NULL,
  `tgl_proses` varchar(15) NOT NULL,
  `nilai_kehadiran` varchar(5) NOT NULL,
  `nilai_keterlambatan` varchar(5) NOT NULL,
  `nilai_pelanggaran` varchar(5) NOT NULL,
  `nilai_pengelolaan` varchar(5) NOT NULL,
  `nilai_masa_kerja` varchar(5) NOT NULL,
  `hasil` varchar(5) NOT NULL
) ENGINE=InnoDB DEFAULT CHARSET=latin1;

--
-- Dumping data untuk tabel `tbl_penilaian`
--

INSERT INTO `tbl_penilaian` (`id_penilaian`, `id_karyawan`, `id_user`, `tgl_proses`, `nilai_kehadiran`, `nilai_keterlambatan`, `nilai_pelanggaran`, `nilai_pengelolaan`, `nilai_masa_kerja`, `hasil`) VALUES
(1, 1, 1, '07-10-2023', '0.024', '0.038', '0.011', '0.012', '0.02', '0.105'),
(2, 2, 1, '07-10-2023', '0.048', '0.038', '0.022', '0.018', '0.02', '0.146'),
(3, 3, 1, '07-10-2023', '0.048', '0.038', '0.011', '0.018', '0.02', '0.135'),
(4, 4, 1, '07-10-2023', '0.048', '0.019', '0.011', '0.018', '0.02', '0.116'),
(5, 5, 1, '07-10-2023', '0.024', '0.019', '0.033', '0.018', '0.02', '0.114'),
(6, 6, 1, '07-10-2023', '0.024', '0.038', '0.011', '0.012', '0.02', '0.105'),
(7, 7, 1, '07-10-2023', '0.024', '0.019', '0.022', '0.018', '0.02', '0.103'),
(8, 8, 1, '07-10-2023', '0.024', '0.038', '0.022', '0.018', '0.02', '0.122'),
(9, 9, 1, '07-10-2023', '0.024', '0.019', '0.033', '0.018', '0.02', '0.114'),
(10, 10, 1, '07-10-2023', '0.024', '0.038', '0.022', '0.024', '0.02', '0.128'),
(11, 11, 1, '07-10-2023', '0.024', '0.019', '0.033', '0.024', '0.02', '0.12'),
(12, 12, 1, '07-10-2023', '0.024', '0.038', '0.044', '0.024', '0.015', '0.145'),
(13, 13, 1, '07-10-2023', '0.024', '0.038', '0.033', '0.018', '0.015', '0.128'),
(14, 14, 1, '07-10-2023', '0.024', '0.019', '0.011', '0.018', '0.015', '0.087'),
(15, 15, 1, '07-10-2023', '0.024', '0.038', '0.011', '0.018', '0.015', '0.106'),
(16, 16, 1, '07-10-2023', '0.024', '0.019', '0.011', '0.024', '0.015', '0.093'),
(17, 17, 1, '07-10-2023', '0.024', '0.019', '0.011', '0.018', '0.015', '0.087'),
(18, 18, 1, '07-10-2023', '0.024', '0.019', '0.033', '0.018', '0.015', '0.109'),
(19, 19, 1, '07-10-2023', '0.024', '0.038', '0.033', '0.024', '0.015', '0.134'),
(20, 20, 1, '07-10-2023', '0.024', '0.019', '0.033', '0.018', '0.015', '0.109'),
(21, 21, 1, '07-10-2023', '0.048', '0.038', '0.033', '0.024', '0.015', '0.158'),
(22, 22, 1, '07-10-2023', '0.048', '0.038', '0.011', '0.024', '0.015', '0.136'),
(23, 23, 1, '07-10-2023', '0.024', '0.019', '0.022', '0.024', '0.015', '0.104'),
(24, 24, 1, '07-10-2023', '0.024', '0.019', '0.011', '0.024', '0.015', '0.093'),
(25, 25, 1, '07-10-2023', '0.024', '0.038', '0.011', '0.024', '0.015', '0.112'),
(26, 26, 1, '07-10-2023', '0.024', '0.019', '0.011', '0.024', '0.015', '0.093'),
(27, 27, 1, '07-10-2023', '0.024', '0.019', '0.044', '0.024', '0.015', '0.126'),
(28, 28, 1, '07-10-2023', '0.048', '0.019', '0.033', '0.024', '0.015', '0.139'),
(29, 29, 1, '07-10-2023', '0.024', '0.038', '0.011', '0.024', '0.015', '0.112'),
(30, 30, 1, '07-10-2023', '0.024', '0.019', '0.044', '0.024', '0.015', '0.126'),
(31, 31, 1, '07-10-2023', '0.072', '0.058', '0.044', '0.024', '0.015', '0.213'),
(32, 32, 1, '07-10-2023', '0.048', '0.019', '0.022', '0.024', '0.01', '0.123'),
(33, 33, 1, '07-10-2023', '0.024', '0.019', '0.011', '0.024', '0.01', '0.088'),
(34, 34, 1, '07-10-2023', '0.048', '0.038', '0.011', '0.018', '0.01', '0.125'),
(35, 35, 1, '07-10-2023', '0.048', '0.019', '0.033', '0.018', '0.01', '0.128'),
(36, 36, 1, '07-10-2023', '0.048', '0.038', '0.044', '0.018', '0.01', '0.158'),
(37, 37, 1, '07-10-2023', '0.024', '0.019', '0.044', '0.018', '0.01', '0.115'),
(38, 38, 1, '07-10-2023', '0.048', '0.058', '0.044', '0.024', '0.01', '0.184'),
(39, 39, 1, '07-10-2023', '0.024', '0.019', '0.033', '0.024', '0.01', '0.11'),
(40, 40, 1, '07-10-2023', '0.024', '0.019', '0.022', '0.024', '0.01', '0.099'),
(41, 41, 1, '07-10-2023', '0.048', '0.019', '0.033', '0.018', '0.01', '0.128'),
(42, 42, 1, '07-10-2023', '0.048', '0.019', '0.044', '0.024', '0.01', '0.145'),
(43, 43, 1, '07-10-2023', '0.096', '0.077', '0.011', '0.024', '0.005', '0.213'),
(44, 44, 1, '07-10-2023', '0.048', '0.019', '0.022', '0.024', '0.005', '0.118'),
(45, 45, 1, '07-10-2023', '0.048', '0.019', '0.011', '0.024', '0.005', '0.107'),
(46, 46, 1, '07-10-2023', '0.048', '0.038', '0.022', '0.024', '0.005', '0.137'),
(47, 47, 1, '07-10-2023', '0.048', '0.019', '0.011', '0.024', '0.005', '0.107'),
(48, 48, 1, '07-10-2023', '0.072', '0.058', '0.033', '0.024', '0.005', '0.192'),
(49, 49, 1, '07-10-2023', '0.096', '0.077', '0.033', '0.024', '0.005', '0.235'),
(50, 50, 1, '07-10-2023', '0.072', '0.077', '0.044', '0.024', '0.005', '0.222');

-- --------------------------------------------------------

--
-- Struktur dari tabel `tbl_user`
--

CREATE TABLE `tbl_user` (
  `id_user` int(11) NOT NULL,
  `nama_user` varchar(125) NOT NULL,
  `alamat_user` text NOT NULL,
  `no_hp_user` varchar(15) NOT NULL,
  `jk_user` varchar(20) NOT NULL,
  `username` varchar(125) NOT NULL,
  `password` varchar(125) NOT NULL,
  `level_user` int(11) NOT NULL
) ENGINE=InnoDB DEFAULT CHARSET=latin1;

--
-- Dumping data untuk tabel `tbl_user`
--

INSERT INTO `tbl_user` (`id_user`, `nama_user`, `alamat_user`, `no_hp_user`, `jk_user`, `username`, `password`, `level_user`) VALUES
(3, 'Pengawas', 'kuningan', '089987656543', 'Laki - Laki', 'pengawas', 'pengawas', 2),
(4, 'Manager', 'Kuningan', '0899876565', 'Laki - Laki', 'manager', 'manager', 1),
(5, 'Direktur', 'Kuningan, Jawa Barat', '089987656543', 'Laki - Laki', 'direktur', 'direktur', 3);

--
-- Indexes for dumped tables
--

--
-- Indeks untuk tabel `tbl_absensi`
--
ALTER TABLE `tbl_absensi`
  ADD PRIMARY KEY (`id_absensi`);

--
-- Indeks untuk tabel `tbl_karyawan`
--
ALTER TABLE `tbl_karyawan`
  ADD PRIMARY KEY (`id_karyawan`);

--
-- Indeks untuk tabel `tbl_kriteria`
--
ALTER TABLE `tbl_kriteria`
  ADD PRIMARY KEY (`id_kriteria`);

--
-- Indeks untuk tabel `tbl_pelanggaran`
--
ALTER TABLE `tbl_pelanggaran`
  ADD PRIMARY KEY (`id_pelanggaran`);

--
-- Indeks untuk tabel `tbl_pengelolaan_alat`
--
ALTER TABLE `tbl_pengelolaan_alat`
  ADD PRIMARY KEY (`id_pengelolaan_alat`);

--
-- Indeks untuk tabel `tbl_penilaian`
--
ALTER TABLE `tbl_penilaian`
  ADD PRIMARY KEY (`id_penilaian`);

--
-- Indeks untuk tabel `tbl_user`
--
ALTER TABLE `tbl_user`
  ADD PRIMARY KEY (`id_user`);

--
-- AUTO_INCREMENT untuk tabel yang dibuang
--

--
-- AUTO_INCREMENT untuk tabel `tbl_absensi`
--
ALTER TABLE `tbl_absensi`
  MODIFY `id_absensi` int(11) NOT NULL AUTO_INCREMENT, AUTO_INCREMENT=1301;

--
-- AUTO_INCREMENT untuk tabel `tbl_karyawan`
--
ALTER TABLE `tbl_karyawan`
  MODIFY `id_karyawan` int(11) NOT NULL AUTO_INCREMENT, AUTO_INCREMENT=51;

--
-- AUTO_INCREMENT untuk tabel `tbl_kriteria`
--
ALTER TABLE `tbl_kriteria`
  MODIFY `id_kriteria` int(11) NOT NULL AUTO_INCREMENT, AUTO_INCREMENT=21;

--
-- AUTO_INCREMENT untuk tabel `tbl_pelanggaran`
--
ALTER TABLE `tbl_pelanggaran`
  MODIFY `id_pelanggaran` int(11) NOT NULL AUTO_INCREMENT, AUTO_INCREMENT=101;

--
-- AUTO_INCREMENT untuk tabel `tbl_pengelolaan_alat`
--
ALTER TABLE `tbl_pengelolaan_alat`
  MODIFY `id_pengelolaan_alat` int(11) NOT NULL AUTO_INCREMENT, AUTO_INCREMENT=171;

--
-- AUTO_INCREMENT untuk tabel `tbl_penilaian`
--
ALTER TABLE `tbl_penilaian`
  MODIFY `id_penilaian` int(11) NOT NULL AUTO_INCREMENT, AUTO_INCREMENT=51;

--
-- AUTO_INCREMENT untuk tabel `tbl_user`
--
ALTER TABLE `tbl_user`
  MODIFY `id_user` int(11) NOT NULL AUTO_INCREMENT, AUTO_INCREMENT=6;
COMMIT;

/*!40101 SET CHARACTER_SET_CLIENT=@OLD_CHARACTER_SET_CLIENT */;
/*!40101 SET CHARACTER_SET_RESULTS=@OLD_CHARACTER_SET_RESULTS */;
/*!40101 SET COLLATION_CONNECTION=@OLD_COLLATION_CONNECTION */;
